ano;tributo;valor_reais;fonte;data_extracao
2000;ICMS;82274924000.0;CTB-Resumo.xlsx;2026-09-02
2001;ICMS;92126565580.02;CTB-Resumo.xlsx;2026-09-02
2002;ICMS;102951677537.05;CTB-Resumo.xlsx;2026-09-02
2003;ICMS;117135264136.03;CTB-Resumo.xlsx;2026-09-02
2004;ICMS;136580385025.33;CTB-Resumo.xlsx;2026-09-02
2005;ICMS;152367546741.1;CTB-Resumo.xlsx;2026-09-02
2006;ICMS;165666357598.86;CTB-Resumo.xlsx;2026-09-02
2007;ICMS;183537232943.23;CTB-Resumo.xlsx;2026-09-02
2008;ICMS;217297921705.38;CTB-Resumo.xlsx;2026-09-02
2009;ICMS;225337152460.26;CTB-Resumo.xlsx;2026-09-02
2010;ICMS;264745993474.58;CTB-Resumo.xlsx;2026-09-02
2011;ICMS;294378873021.69;CTB-Resumo.xlsx;2026-09-02
2012;ICMS;323415282340.8;CTB-Resumo.xlsx;2026-09-02
2013;ICMS;357383159195.38;CTB-Resumo.xlsx;2026-09-02
2014;ICMS;381249761085.64;CTB-Resumo.xlsx;2026-09-02
2015;ICMS;391983535992.55;CTB-Resumo.xlsx;2026-09-02
2000;Previdência Social Ampliada;61041663313.61;CTB-Resumo.xlsx;2026-09-02
2001;Previdência Social Ampliada;68736968268.22;CTB-Resumo.xlsx;2026-09-02
2002;Previdência Social Ampliada;76204929168.9;CTB-Resumo.xlsx;2026-09-02
2003;Previdência Social Ampliada;87261407312.4;CTB-Resumo.xlsx;2026-09-02
2004;Previdência Social Ampliada;103071913027.41;CTB-Resumo.xlsx;2026-09-02
2005;Previdência Social Ampliada;117355334330.16;CTB-Resumo.xlsx;2026-09-02
2006;Previdência Social Ampliada;133591682081.75;CTB-Resumo.xlsx;2026-09-02
2007;Previdência Social Ampliada;151798173719.53;CTB-Resumo.xlsx;2026-09-02
2008;Previdência Social Ampliada;174698422316.11;CTB-Resumo.xlsx;2026-09-02
2009;Previdência Social Ampliada;196355294068.41;CTB-Resumo.xlsx;2026-09-02
2010;Previdência Social Ampliada;231340097804.62;CTB-Resumo.xlsx;2026-09-02
2011;Previdência Social Ampliada;267012220766.12;CTB-Resumo.xlsx;2026-09-02
2012;Previdência Social Ampliada;297299043586.15;CTB-Resumo.xlsx;2026-09-02
2013;Previdência Social Ampliada;324628220622.91;CTB-Resumo.xlsx;2026-09-02
2014;Previdência Social Ampliada;347970284094.52;CTB-Resumo.xlsx;2026-09-02
2015;Previdência Social Ampliada;350681092074.58;CTB-Resumo.xlsx;2026-09-02
2000;Imposto de Renda (Global);53564799454.2;CTB-Resumo.xlsx;2026-09-02
2001;Imposto de Renda (Global);64908965339.15;CTB-Resumo.xlsx;2026-09-02
2002;Imposto de Renda (Global);82985837813.64;CTB-Resumo.xlsx;2026-09-02
2003;Imposto de Renda (Global);91303066520.37;CTB-Resumo.xlsx;2026-09-02
2004;Imposto de Renda (Global);100889932701.01;CTB-Resumo.xlsx;2026-09-02
2005;Imposto de Renda (Global);123638906483.76;CTB-Resumo.xlsx;2026-09-02
2006;Imposto de Renda (Global);135755177934.75;CTB-Resumo.xlsx;2026-09-02
2007;Imposto de Renda (Global);159294386656.99;CTB-Resumo.xlsx;2026-09-02
2008;Imposto de Renda (Global);192184705548.82;CTB-Resumo.xlsx;2026-09-02
2009;Imposto de Renda (Global);189694448717.6;CTB-Resumo.xlsx;2026-09-02
2010;Imposto de Renda (Global);212675828893.04;CTB-Resumo.xlsx;2026-09-02
2011;Imposto de Renda (Global);257458184933.26;CTB-Resumo.xlsx;2026-09-02
2012;Imposto de Renda (Global);264391770622.17;CTB-Resumo.xlsx;2026-09-02
2013;Imposto de Renda (Global);291376056646.41;CTB-Resumo.xlsx;2026-09-02
2014;Imposto de Renda (Global);317193349967.1;CTB-Resumo.xlsx;2026-09-02
2015;Imposto de Renda (Global);340250352965.15;CTB-Resumo.xlsx;2026-09-02
2000;Cofins;38634038693.97;CTB-Resumo.xlsx;2026-09-02
2001;Cofins;45678823204.41;CTB-Resumo.xlsx;2026-09-02
2002;Cofins;50855605865.24;CTB-Resumo.xlsx;2026-09-02
2003;Cofins;57522166297.6;CTB-Resumo.xlsx;2026-09-02
2004;Cofins;77290068584.17;CTB-Resumo.xlsx;2026-09-02
2005;Cofins;86532235198.11;CTB-Resumo.xlsx;2026-09-02
2006;Cofins;89096351174.71;CTB-Resumo.xlsx;2026-09-02
2007;Cofins;100555551479.61;CTB-Resumo.xlsx;2026-09-02
2008;Cofins;118431049041.62;CTB-Resumo.xlsx;2026-09-02
2009;Cofins;114723933553.84;CTB-Resumo.xlsx;2026-09-02
2010;Cofins;138636003940.68;CTB-Resumo.xlsx;2026-09-02
2011;Cofins;158166764462.88;CTB-Resumo.xlsx;2026-09-02
2012;Cofins;174625997427.32;CTB-Resumo.xlsx;2026-09-02
2013;Cofins;193124826233.55;CTB-Resumo.xlsx;2026-09-02
2014;Cofins;193552408749.18;CTB-Resumo.xlsx;2026-09-02
2015;Cofins;199344702156.8;CTB-Resumo.xlsx;2026-09-02
2000;FGTS;18708530527.1;CTB-Resumo.xlsx;2026-09-02
2001;FGTS;21074052206.15;CTB-Resumo.xlsx;2026-09-02
2002;FGTS;22421996700.43;CTB-Resumo.xlsx;2026-09-02
2003;FGTS;24956352242.58;CTB-Resumo.xlsx;2026-09-02
2004;FGTS;28269333316.92;CTB-Resumo.xlsx;2026-09-02
2005;FGTS;32247877017.27;CTB-Resumo.xlsx;2026-09-02
2006;FGTS;36505404629.33;CTB-Resumo.xlsx;2026-09-02
2007;FGTS;41630508849.16;CTB-Resumo.xlsx;2026-09-02
2008;FGTS;48714379836.64;CTB-Resumo.xlsx;2026-09-02
2009;FGTS;54725947860.41;CTB-Resumo.xlsx;2026-09-02
2010;FGTS;61797213442.77;CTB-Resumo.xlsx;2026-09-02
2011;FGTS;72260939292.62;CTB-Resumo.xlsx;2026-09-02
2012;FGTS;83033513518.83;CTB-Resumo.xlsx;2026-09-02
2013;FGTS;94415141165.54;CTB-Resumo.xlsx;2026-09-02
2014;FGTS;104744192951.54;CTB-Resumo.xlsx;2026-09-02
2015;FGTS;113529384750.98;CTB-Resumo.xlsx;2026-09-02
2000;IPI;14396561393.03;CTB-Resumo.xlsx;2026-09-02
2001;IPI;17157001518.51;CTB-Resumo.xlsx;2026-09-02
2002;IPI;20266821600.15;CTB-Resumo.xlsx;2026-09-02
2003;IPI;22984137823.43;CTB-Resumo.xlsx;2026-09-02
2004;IPI;26393531023.0;CTB-Resumo.xlsx;2026-09-02
2005;IPI;28995769701.34;CTB-Resumo.xlsx;2026-09-02
2006;IPI;31935232806.38;CTB-Resumo.xlsx;2026-09-02
2007;IPI;36319612692.87;CTB-Resumo.xlsx;2026-09-02
2008;IPI;971299092.23;CTB-Resumo.xlsx;2026-09-02
2009;IPI;27598789248.5;CTB-Resumo.xlsx;2026-09-02
2010;IPI;37255019833.28;CTB-Resumo.xlsx;2026-09-02
2011;IPI;41140073034.15;CTB-Resumo.xlsx;2026-09-02
2012;IPI;42566775107.9;CTB-Resumo.xlsx;2026-09-02
2013;IPI;42706264774.8;CTB-Resumo.xlsx;2026-09-02
2014;IPI;48910482261.37;CTB-Resumo.xlsx;2026-09-02
2015;IPI;47961109658.98;CTB-Resumo.xlsx;2026-09-02
2000;Contrib. Lucro;17553938179.35;CTB-Resumo.xlsx;2026-09-02
2001;Contrib. Lucro;18837489752.44;CTB-Resumo.xlsx;2026-09-02
2002;Contrib. Lucro;18471561741.29;CTB-Resumo.xlsx;2026-09-02
2003;Contrib. Lucro;17923868129.81;CTB-Resumo.xlsx;2026-09-02
2004;Contrib. Lucro;21059034183.62;CTB-Resumo.xlsx;2026-09-02
2005;Contrib. Lucro;24061421317.65;CTB-Resumo.xlsx;2026-09-02
2006;Contrib. Lucro;26780064494.21;CTB-Resumo.xlsx;2026-09-02
2007;Contrib. Lucro;31240028077.38;CTB-Resumo.xlsx;2026-09-02
2008;Contrib. Lucro;36695285377.91;CTB-Resumo.xlsx;2026-09-02
2009;Contrib. Lucro;42808449156.0;CTB-Resumo.xlsx;2026-09-02
2010;Contrib. Lucro;45199615522.7;CTB-Resumo.xlsx;2026-09-02
2011;Contrib. Lucro;56964314448.21;CTB-Resumo.xlsx;2026-09-02
2012;Contrib. Lucro;55608133454.89;CTB-Resumo.xlsx;2026-09-02
2013;Contrib. Lucro;59775636327.71;CTB-Resumo.xlsx;2026-09-02
2014;Contrib. Lucro;61590539157.7;CTB-Resumo.xlsx;2026-09-02
2015;Contrib. Lucro;58696026286.71;CTB-Resumo.xlsx;2026-09-02
2000;Pis/Pasep;8665755898.92;CTB-Resumo.xlsx;2026-09-02
2001;Pis/Pasep;8967819437.21;CTB-Resumo.xlsx;2026-09-02
2002;Pis/Pasep;12374588637.7;CTB-Resumo.xlsx;2026-09-02
2003;Pis/Pasep;15661353073.99;CTB-Resumo.xlsx;2026-09-02
2004;Pis/Pasep;19309498564.27;CTB-Resumo.xlsx;2026-09-02
2005;Pis/Pasep;24948634396.94;CTB-Resumo.xlsx;2026-09-02
2006;Pis/Pasep;26547247109.49;CTB-Resumo.xlsx;2026-09-02
2007;Pis/Pasep;33183200646.65;CTB-Resumo.xlsx;2026-09-02
2008;Pis/Pasep;41663704322.95;CTB-Resumo.xlsx;2026-09-02
2009;Pis/Pasep;30439081343.48;CTB-Resumo.xlsx;2026-09-02
2010;Pis/Pasep;40007507456.12;CTB-Resumo.xlsx;2026-09-02
2011;Pis/Pasep;41153665609.03;CTB-Resumo.xlsx;2026-09-02
2012;Pis/Pasep;46352208561.25;CTB-Resumo.xlsx;2026-09-02
2013;Pis/Pasep;49724601599.55;CTB-Resumo.xlsx;2026-09-02
2014;Pis/Pasep;50830252342.89;CTB-Resumo.xlsx;2026-09-02
2015;Pis/Pasep;52442132156.1;CTB-Resumo.xlsx;2026-09-02
2000;ISS;9484023518.88;CTB-Resumo.xlsx;2026-09-02
2001;ISS;11186000738.15;CTB-Resumo.xlsx;2026-09-02
2002;ISS;12472114273.01;CTB-Resumo.xlsx;2026-09-02
2003;ISS;16506661782.37;CTB-Resumo.xlsx;2026-09-02
2004;ISS;19278061622.53;CTB-Resumo.xlsx;2026-09-02
2005;ISS;21296733059.44;CTB-Resumo.xlsx;2026-09-02
2006;ISS;23387889583.13;CTB-Resumo.xlsx;2026-09-02
2007;ISS;25779152216.56;CTB-Resumo.xlsx;2026-09-02
2008;ISS;30326771021.26;CTB-Resumo.xlsx;2026-09-02
2009;ISS;26190433288.04;CTB-Resumo.xlsx;2026-09-02
2010;ISS;31407240443.99;CTB-Resumo.xlsx;2026-09-02
2011;ISS;36656296818.84;CTB-Resumo.xlsx;2026-09-02
2012;ISS;42316509592.66;CTB-Resumo.xlsx;2026-09-02
2013;ISS;45783504649.34;CTB-Resumo.xlsx;2026-09-02
2014;ISS;50493151794.88;CTB-Resumo.xlsx;2026-09-02
2015;ISS;54074215310.5;CTB-Resumo.xlsx;2026-09-02
2000;Imp. Importação;6709391896.07;CTB-Resumo.xlsx;2026-09-02
2001;Imp. Importação;7445930448.84;CTB-Resumo.xlsx;2026-09-02
2002;Imp. Importação;8495296449.93;CTB-Resumo.xlsx;2026-09-02
2003;Imp. Importação;9674000259.86;CTB-Resumo.xlsx;2026-09-02
2004;Imp. Importação;11681605275.1;CTB-Resumo.xlsx;2026-09-02
2005;Imp. Importação;14049918443.39;CTB-Resumo.xlsx;2026-09-02
2006;Imp. Importação;16916468680.18;CTB-Resumo.xlsx;2026-09-02
2007;Imp. Importação;19740562864.66;CTB-Resumo.xlsx;2026-09-02
2008;Imp. Importação;23821352022.13;CTB-Resumo.xlsx;2026-09-02
2009;Imp. Importação;15806918437.59;CTB-Resumo.xlsx;2026-09-02
2010;Imp. Importação;21080739008.96;CTB-Resumo.xlsx;2026-09-02
2011;Imp. Importação;26644493091.24;CTB-Resumo.xlsx;2026-09-02
2012;Imp. Importação;31085492404.93;CTB-Resumo.xlsx;2026-09-02
2013;Imp. Importação;36709334433.32;CTB-Resumo.xlsx;2026-09-02
2014;Imp. Importação;36764845972.9;CTB-Resumo.xlsx;2026-09-02
2015;Imp. Importação;38963128408.58;CTB-Resumo.xlsx;2026-09-02
2000;IPVA;8430744188.07;CTB-Resumo.xlsx;2026-09-02
2001;IPVA;9096532866.14;CTB-Resumo.xlsx;2026-09-02
2002;IPVA;7953526930.9;CTB-Resumo.xlsx;2026-09-02
2003;IPVA;8128298564.71;CTB-Resumo.xlsx;2026-09-02
2004;IPVA;9215887946.8;CTB-Resumo.xlsx;2026-09-02
2005;IPVA;8941128664.79;CTB-Resumo.xlsx;2026-09-02
2006;IPVA;9857135812.51;CTB-Resumo.xlsx;2026-09-02
2007;IPVA;12216069787.26;CTB-Resumo.xlsx;2026-09-02
2008;IPVA;17101490331.64;CTB-Resumo.xlsx;2026-09-02
2009;IPVA;20071087781.52;CTB-Resumo.xlsx;2026-09-02
2010;IPVA;21277523129.35;CTB-Resumo.xlsx;2026-09-02
2011;IPVA;23939386537.41;CTB-Resumo.xlsx;2026-09-02
2012;IPVA;26685160329.12;CTB-Resumo.xlsx;2026-09-02
2013;IPVA;28809676666.69;CTB-Resumo.xlsx;2026-09-02
2014;IPVA;31271538787.67;CTB-Resumo.xlsx;2026-09-02
2015;IPVA;34912678887.92;CTB-Resumo.xlsx;2026-09-02
2000;IPTU;5296891000.0;CTB-Resumo.xlsx;2026-09-02
2001;IPTU;6218310736.01;CTB-Resumo.xlsx;2026-09-02
2002;IPTU;6944760533.51;CTB-Resumo.xlsx;2026-09-02
2003;IPTU;7643545505.16;CTB-Resumo.xlsx;2026-09-02
2004;IPTU;8812940626.73;CTB-Resumo.xlsx;2026-09-02
2005;IPTU;10387591113.85;CTB-Resumo.xlsx;2026-09-02
2006;IPTU;12064105158.21;CTB-Resumo.xlsx;2026-09-02
2007;IPTU;14286212447.48;CTB-Resumo.xlsx;2026-09-02
2008;IPTU;16629265263.44;CTB-Resumo.xlsx;2026-09-02
2009;IPTU;14184849605.03;CTB-Resumo.xlsx;2026-09-02
2010;IPTU;16364693568.25;CTB-Resumo.xlsx;2026-09-02
2011;IPTU;18378709162.54;CTB-Resumo.xlsx;2026-09-02
2012;IPTU;20246647526.21;CTB-Resumo.xlsx;2026-09-02
2013;IPTU;22580857568.78;CTB-Resumo.xlsx;2026-09-02
2014;IPTU;25042156666.29;CTB-Resumo.xlsx;2026-09-02
2015;IPTU;28085178097.27;CTB-Resumo.xlsx;2026-09-02
2000;IOF;5558658423.25;CTB-Resumo.xlsx;2026-09-02
2001;IOF;5979395291.47;CTB-Resumo.xlsx;2026-09-02
2002;IOF;6963961194.05;CTB-Resumo.xlsx;2026-09-02
2003;IOF;8091733552.96;CTB-Resumo.xlsx;2026-09-02
2004;IOF;9508653459.9;CTB-Resumo.xlsx;2026-09-02
2005;IOF;9910177490.74;CTB-Resumo.xlsx;2026-09-02
2006;IOF;10870440675.32;CTB-Resumo.xlsx;2026-09-02
2007;IOF;11879156686.15;CTB-Resumo.xlsx;2026-09-02
2008;IOF;12857911024.08;CTB-Resumo.xlsx;2026-09-02
2009;IOF;19193097568.06;CTB-Resumo.xlsx;2026-09-02
2010;IOF;26529574587.69;CTB-Resumo.xlsx;2026-09-02
2011;IOF;31870478490.4;CTB-Resumo.xlsx;2026-09-02
2012;IOF;30998400117.09;CTB-Resumo.xlsx;2026-09-02
2013;IOF;29412259601.91;CTB-Resumo.xlsx;2026-09-02
2014;IOF;29739886525.4;CTB-Resumo.xlsx;2026-09-02
2015;IOF;34680211322.66;CTB-Resumo.xlsx;2026-09-02
2000;ITBI;3090989939.04;CTB-Resumo.xlsx;2026-09-02
2001;ITBI;3551902228.9;CTB-Resumo.xlsx;2026-09-02
2002;ITBI;3993262983.82;CTB-Resumo.xlsx;2026-09-02
2003;ITBI;4418416764.58;CTB-Resumo.xlsx;2026-09-02
2004;ITBI;5230954144.53;CTB-Resumo.xlsx;2026-09-02
2005;ITBI;5965324803.79;CTB-Resumo.xlsx;2026-09-02
2006;ITBI;6737580504.78;CTB-Resumo.xlsx;2026-09-02
2007;ITBI;7816582149.89;CTB-Resumo.xlsx;2026-09-02
2008;ITBI;20167891471.1;CTB-Resumo.xlsx;2026-09-02
2009;ITBI;4183557536.17;CTB-Resumo.xlsx;2026-09-02
2010;ITBI;5572766021.6;CTB-Resumo.xlsx;2026-09-02
2011;ITBI;6870968719.72;CTB-Resumo.xlsx;2026-09-02
2012;ITBI;7903937366.74;CTB-Resumo.xlsx;2026-09-02
2013;ITBI;9304684636.59;CTB-Resumo.xlsx;2026-09-02
2014;ITBI;9934540263.51;CTB-Resumo.xlsx;2026-09-02
2015;ITBI;10160812069.32;CTB-Resumo.xlsx;2026-09-02
2000;ITCD;1135922449.14;CTB-Resumo.xlsx;2026-09-02
2001;ITCD;1271867615.44;CTB-Resumo.xlsx;2026-09-02
2002;ITCD;1528399289.71;CTB-Resumo.xlsx;2026-09-02
2003;ITCD;1614784651.48;CTB-Resumo.xlsx;2026-09-02
2004;ITCD;1740797578.97;CTB-Resumo.xlsx;2026-09-02
2005;ITCD;2035664814.67;CTB-Resumo.xlsx;2026-09-02
2006;ITCD;2461484918.18;CTB-Resumo.xlsx;2026-09-02
2007;ITCD;3198492296.28;CTB-Resumo.xlsx;2026-09-02
2008;ITCD;4023776553.11;CTB-Resumo.xlsx;2026-09-02
2009;ITCD;1673087710.04;CTB-Resumo.xlsx;2026-09-02
2010;ITCD;2508177037.03;CTB-Resumo.xlsx;2026-09-02
2011;ITCD;2754768926.43;CTB-Resumo.xlsx;2026-09-02
2012;ITCD;3391111608.34;CTB-Resumo.xlsx;2026-09-02
2013;ITCD;4113284977.02;CTB-Resumo.xlsx;2026-09-02
2014;ITCD;4660029702.83;CTB-Resumo.xlsx;2026-09-02
2015;ITCD;6415526388.14;CTB-Resumo.xlsx;2026-09-02
2000;ITR;328869000.0;CTB-Resumo.xlsx;2026-09-02
2001;ITR;335173983.38;CTB-Resumo.xlsx;2026-09-02
2002;ITR;520097743.06;CTB-Resumo.xlsx;2026-09-02
2003;ITR;871844232.93;CTB-Resumo.xlsx;2026-09-02
2004;ITR;736069597.36;CTB-Resumo.xlsx;2026-09-02
2005;ITR;815503889.06;CTB-Resumo.xlsx;2026-09-02
2006;ITR;966978258.03;CTB-Resumo.xlsx;2026-09-02
2007;ITR;1204448520.68;CTB-Resumo.xlsx;2026-09-02
2008;ITR;1485849214.3;CTB-Resumo.xlsx;2026-09-02
2009;ITR;408897895.92;CTB-Resumo.xlsx;2026-09-02
2010;ITR;475987546.59;CTB-Resumo.xlsx;2026-09-02
2011;ITR;546241423.19;CTB-Resumo.xlsx;2026-09-02
2012;ITR;609438489.9;CTB-Resumo.xlsx;2026-09-02
2013;ITR;752837844.35;CTB-Resumo.xlsx;2026-09-02
2014;ITR;891177420.81;CTB-Resumo.xlsx;2026-09-02
2015;ITR;1101295424.15;CTB-Resumo.xlsx;2026-09-02
2000;CPMF;230827871.64;CTB-Resumo.xlsx;2026-09-02
2001;CPMF;189984025.99;CTB-Resumo.xlsx;2026-09-02
2002;CPMF;189189393.49;CTB-Resumo.xlsx;2026-09-02
2003;CPMF;227923575.68;CTB-Resumo.xlsx;2026-09-02
2004;CPMF;239772485.18;CTB-Resumo.xlsx;2026-09-02
2005;CPMF;270076675.62;CTB-Resumo.xlsx;2026-09-02
2006;CPMF;284023315.98;CTB-Resumo.xlsx;2026-09-02
2007;CPMF;312799809.59;CTB-Resumo.xlsx;2026-09-02
2008;CPMF;395411719.56;CTB-Resumo.xlsx;2026-09-02
2009;CPMF;-55668720.55;CTB-Resumo.xlsx;2026-09-02
2010;CPMF;-45253026.64;CTB-Resumo.xlsx;2026-09-02
2011;CPMF;-3552691.44;CTB-Resumo.xlsx;2026-09-02
2012;CPMF;-261599253.35;CTB-Resumo.xlsx;2026-09-02
2013;CPMF;-267832969.62;CTB-Resumo.xlsx;2026-09-02
2014;CPMF;0.0;CTB-Resumo.xlsx;2026-09-02
2015;CPMF;139527.36;CTB-Resumo.xlsx;2026-09-02
2000;Demais tributos;32338615998.51;CTB-Resumo.xlsx;2026-09-02
2001;Demais tributos;38883851286.87;CTB-Resumo.xlsx;2026-09-02
2002;Demais tributos;59831182428.82;CTB-Resumo.xlsx;2026-09-02
2003;Demais tributos;68090042975.0;CTB-Resumo.xlsx;2026-09-02
2004;Demais tributos;78944517856.65;CTB-Resumo.xlsx;2026-09-02
2005;Demais tributos;90364446982.7;CTB-Resumo.xlsx;2026-09-02
2006;Demais tributos;100112141909.14;CTB-Resumo.xlsx;2026-09-02
2007;Demais tributos;106827306679.26;CTB-Resumo.xlsx;2026-09-02
2008;Demais tributos;123419401324.5;CTB-Resumo.xlsx;2026-09-02
2009;Demais tributos;121979049447.99;CTB-Resumo.xlsx;2026-09-02
2010;Demais tributos;134488103796.72;CTB-Resumo.xlsx;2026-09-02
2011;Demais tributos;155407561208.15;CTB-Resumo.xlsx;2026-09-02
2012;Demais tributos;187581717934.71;CTB-Resumo.xlsx;2026-09-02
2013;Demais tributos;201645726392.02;CTB-Resumo.xlsx;2026-09-02
2014;Demais tributos;204942677690.64;CTB-Resumo.xlsx;2026-09-02
2015;Demais tributos;205749613722.97;CTB-Resumo.xlsx;2026-09-02
