ano;esfera;rubrica;valor_reais;fonte;data_extracao
2000;U;IR;48051029648.75;CTB-Resumo.xlsx;2026-09-02
2001;U;IR;58452662197.71;CTB-Resumo.xlsx;2026-09-02
2002;U;IR;75551116416.23;CTB-Resumo.xlsx;2026-09-02
2003;U;IR;82421690026.64;CTB-Resumo.xlsx;2026-09-02
2004;U;IR;90362733549.11;CTB-Resumo.xlsx;2026-09-02
2005;U;IR;112571531495.88;CTB-Resumo.xlsx;2026-09-02
2006;U;IR;122184868806.27;CTB-Resumo.xlsx;2026-09-02
2007;U;IR;143960791397.77;CTB-Resumo.xlsx;2026-09-02
2008;U;IR;174299368974.49;CTB-Resumo.xlsx;2026-09-02
2009;U;IR;172601417269.7;CTB-Resumo.xlsx;2026-09-02
2010;U;IR;190549875111.17;CTB-Resumo.xlsx;2026-09-02
2011;U;IR;231299450933.86;CTB-Resumo.xlsx;2026-09-02
2012;U;IR;235641371300.85;CTB-Resumo.xlsx;2026-09-02
2013;U;IR;259614108020.0;CTB-Resumo.xlsx;2026-09-02
2014;U;IR;277400301782.72;CTB-Resumo.xlsx;2026-09-02
2015;U;IR;294598939518.56;CTB-Resumo.xlsx;2026-09-02
2000;U;IPI;17553938179.35;CTB-Resumo.xlsx;2026-09-02
2001;U;IPI;18837489752.44;CTB-Resumo.xlsx;2026-09-02
2002;U;IPI;18471561741.29;CTB-Resumo.xlsx;2026-09-02
2003;U;IPI;17923868129.81;CTB-Resumo.xlsx;2026-09-02
2004;U;IPI;21059034183.62;CTB-Resumo.xlsx;2026-09-02
2005;U;IPI;24061421317.65;CTB-Resumo.xlsx;2026-09-02
2006;U;IPI;26780064494.21;CTB-Resumo.xlsx;2026-09-02
2007;U;IPI;31240028077.38;CTB-Resumo.xlsx;2026-09-02
2008;U;IPI;36695285377.91;CTB-Resumo.xlsx;2026-09-02
2009;U;IPI;27598789248.5;CTB-Resumo.xlsx;2026-09-02
2010;U;IPI;37255019833.28;CTB-Resumo.xlsx;2026-09-02
2011;U;IPI;41140073034.15;CTB-Resumo.xlsx;2026-09-02
2012;U;IPI;42566775107.9;CTB-Resumo.xlsx;2026-09-02
2013;U;IPI;42706264774.8;CTB-Resumo.xlsx;2026-09-02
2014;U;IPI;48910482261.37;CTB-Resumo.xlsx;2026-09-02
2015;U;IPI;47961109658.98;CTB-Resumo.xlsx;2026-09-02
2000;U;IOF;3090989939.04;CTB-Resumo.xlsx;2026-09-02
2001;U;IOF;3551902228.9;CTB-Resumo.xlsx;2026-09-02
2002;U;IOF;3993262983.82;CTB-Resumo.xlsx;2026-09-02
2003;U;IOF;4418416764.58;CTB-Resumo.xlsx;2026-09-02
2004;U;IOF;5230954144.53;CTB-Resumo.xlsx;2026-09-02
2005;U;IOF;5965324803.79;CTB-Resumo.xlsx;2026-09-02
2006;U;IOF;6737580504.78;CTB-Resumo.xlsx;2026-09-02
2007;U;IOF;7816582149.89;CTB-Resumo.xlsx;2026-09-02
2008;U;IOF;20167891471.1;CTB-Resumo.xlsx;2026-09-02
2009;U;IOF;19193097568.06;CTB-Resumo.xlsx;2026-09-02
2010;U;IOF;26529574587.69;CTB-Resumo.xlsx;2026-09-02
2011;U;IOF;31870478490.4;CTB-Resumo.xlsx;2026-09-02
2012;U;IOF;30998400117.09;CTB-Resumo.xlsx;2026-09-02
2013;U;IOF;29412259601.91;CTB-Resumo.xlsx;2026-09-02
2014;U;IOF;29739886525.4;CTB-Resumo.xlsx;2026-09-02
2015;U;IOF;34680211322.66;CTB-Resumo.xlsx;2026-09-02
2000;U;Imp. sobre Comércio Exterior;8430744188.07;CTB-Resumo.xlsx;2026-09-02
2001;U;Imp. sobre Comércio Exterior;9096532866.14;CTB-Resumo.xlsx;2026-09-02
2002;U;Imp. sobre Comércio Exterior;7953526930.9;CTB-Resumo.xlsx;2026-09-02
2003;U;Imp. sobre Comércio Exterior;8128298564.71;CTB-Resumo.xlsx;2026-09-02
2004;U;Imp. sobre Comércio Exterior;9215887946.8;CTB-Resumo.xlsx;2026-09-02
2005;U;Imp. sobre Comércio Exterior;8941128664.79;CTB-Resumo.xlsx;2026-09-02
2006;U;Imp. sobre Comércio Exterior;9857135812.51;CTB-Resumo.xlsx;2026-09-02
2007;U;Imp. sobre Comércio Exterior;12216069787.26;CTB-Resumo.xlsx;2026-09-02
2008;U;Imp. sobre Comércio Exterior;17101490331.64;CTB-Resumo.xlsx;2026-09-02
2009;U;Imp. sobre Comércio Exterior;15806918437.59;CTB-Resumo.xlsx;2026-09-02
2010;U;Imp. sobre Comércio Exterior;21080739008.96;CTB-Resumo.xlsx;2026-09-02
2011;U;Imp. sobre Comércio Exterior;26644493091.24;CTB-Resumo.xlsx;2026-09-02
2012;U;Imp. sobre Comércio Exterior;31085492404.93;CTB-Resumo.xlsx;2026-09-02
2013;U;Imp. sobre Comércio Exterior;36709334433.32;CTB-Resumo.xlsx;2026-09-02
2014;U;Imp. sobre Comércio Exterior;36764845972.9;CTB-Resumo.xlsx;2026-09-02
2015;U;Imp. sobre Comércio Exterior;38963128408.58;CTB-Resumo.xlsx;2026-09-02
2000;U;ITR;230827871.64;CTB-Resumo.xlsx;2026-09-02
2001;U;ITR;189984025.99;CTB-Resumo.xlsx;2026-09-02
2002;U;ITR;189189393.49;CTB-Resumo.xlsx;2026-09-02
2003;U;ITR;227923575.68;CTB-Resumo.xlsx;2026-09-02
2004;U;ITR;239772485.18;CTB-Resumo.xlsx;2026-09-02
2005;U;ITR;270076675.62;CTB-Resumo.xlsx;2026-09-02
2006;U;ITR;284023315.98;CTB-Resumo.xlsx;2026-09-02
2007;U;ITR;312799809.59;CTB-Resumo.xlsx;2026-09-02
2008;U;ITR;395411719.56;CTB-Resumo.xlsx;2026-09-02
2009;U;ITR;408897895.92;CTB-Resumo.xlsx;2026-09-02
2010;U;ITR;475987546.59;CTB-Resumo.xlsx;2026-09-02
2011;U;ITR;546241423.19;CTB-Resumo.xlsx;2026-09-02
2012;U;ITR;609438489.9;CTB-Resumo.xlsx;2026-09-02
2013;U;ITR;752837844.35;CTB-Resumo.xlsx;2026-09-02
2014;U;ITR;891177420.81;CTB-Resumo.xlsx;2026-09-02
2015;U;ITR;1101295424.15;CTB-Resumo.xlsx;2026-09-02
2000;U;Taxas;1328266843.67;CTB-Resumo.xlsx;2026-09-02
2001;U;Taxas;1495884909.54;CTB-Resumo.xlsx;2026-09-02
2002;U;Taxas;1738378395.57;CTB-Resumo.xlsx;2026-09-02
2003;U;Taxas;2070840751.22;CTB-Resumo.xlsx;2026-09-02
2004;U;Taxas;2565985033.86;CTB-Resumo.xlsx;2026-09-02
2005;U;Taxas;3247943918.03;CTB-Resumo.xlsx;2026-09-02
2006;U;Taxas;3658916148.83;CTB-Resumo.xlsx;2026-09-02
2007;U;Taxas;4054346574.93;CTB-Resumo.xlsx;2026-09-02
2008;U;Taxas;4963338705.33;CTB-Resumo.xlsx;2026-09-02
2009;U;Taxas;4989165103.73;CTB-Resumo.xlsx;2026-09-02
2010;U;Taxas;5923724930.2;CTB-Resumo.xlsx;2026-09-02
2011;U;Taxas;7148091222.9;CTB-Resumo.xlsx;2026-09-02
2012;U;Taxas;6850546137.21;CTB-Resumo.xlsx;2026-09-02
2013;U;Taxas;7148091222.9;CTB-Resumo.xlsx;2026-09-02
2014;U;Taxas;6839902827.12;CTB-Resumo.xlsx;2026-09-02
2015;U;Taxas;7369942952.82;CTB-Resumo.xlsx;2026-09-02
2000;U;Previdência Social;55712837299.95;CTB-Resumo.xlsx;2026-09-02
2001;U;Previdência Social;62433581904.58;CTB-Resumo.xlsx;2026-09-02
2002;U;Previdência Social;69251553640.63;CTB-Resumo.xlsx;2026-09-02
2003;U;Previdência Social;79375176293.06;CTB-Resumo.xlsx;2026-09-02
2004;U;Previdência Social;93327546256.81;CTB-Resumo.xlsx;2026-09-02
2005;U;Previdência Social;106651704522.74;CTB-Resumo.xlsx;2026-09-02
2006;U;Previdência Social;121059434613.99;CTB-Resumo.xlsx;2026-09-02
2007;U;Previdência Social;138118073171.68;CTB-Resumo.xlsx;2026-09-02
2008;U;Previdência Social;158095680036.77;CTB-Resumo.xlsx;2026-09-02
2009;U;Previdência Social;178242841203.89;CTB-Resumo.xlsx;2026-09-02
2010;U;Previdência Social;210403698727.58;CTB-Resumo.xlsx;2026-09-02
2011;U;Previdência Social;242234138783.5;CTB-Resumo.xlsx;2026-09-02
2012;U;Previdência Social;269005614626.11;CTB-Resumo.xlsx;2026-09-02
2013;U;Previdência Social;292736100936.38;CTB-Resumo.xlsx;2026-09-02
2014;U;Previdência Social;312811263751.5;CTB-Resumo.xlsx;2026-09-02
2015;U;Previdência Social;315946964921.12;CTB-Resumo.xlsx;2026-09-02
2000;U;Cofins;38634038693.97;CTB-Resumo.xlsx;2026-09-02
2001;U;Cofins;45678823204.41;CTB-Resumo.xlsx;2026-09-02
2002;U;Cofins;50855605865.24;CTB-Resumo.xlsx;2026-09-02
2003;U;Cofins;57522166297.6;CTB-Resumo.xlsx;2026-09-02
2004;U;Cofins;77290068584.17;CTB-Resumo.xlsx;2026-09-02
2005;U;Cofins;86532235198.11;CTB-Resumo.xlsx;2026-09-02
2006;U;Cofins;89096351174.71;CTB-Resumo.xlsx;2026-09-02
2007;U;Cofins;100555551479.61;CTB-Resumo.xlsx;2026-09-02
2008;U;Cofins;118431049041.62;CTB-Resumo.xlsx;2026-09-02
2009;U;Cofins;114723933553.84;CTB-Resumo.xlsx;2026-09-02
2010;U;Cofins;138636003940.68;CTB-Resumo.xlsx;2026-09-02
2011;U;Cofins;158166764462.88;CTB-Resumo.xlsx;2026-09-02
2012;U;Cofins;174625997427.32;CTB-Resumo.xlsx;2026-09-02
2013;U;Cofins;193124826233.55;CTB-Resumo.xlsx;2026-09-02
2014;U;Cofins;193552408749.18;CTB-Resumo.xlsx;2026-09-02
2015;U;Cofins;199344702156.8;CTB-Resumo.xlsx;2026-09-02
2000;U;CPMF;14396561393.03;CTB-Resumo.xlsx;2026-09-02
2001;U;CPMF;17157001518.51;CTB-Resumo.xlsx;2026-09-02
2002;U;CPMF;20266821600.15;CTB-Resumo.xlsx;2026-09-02
2003;U;CPMF;22984137823.43;CTB-Resumo.xlsx;2026-09-02
2004;U;CPMF;26393531023.0;CTB-Resumo.xlsx;2026-09-02
2005;U;CPMF;28995769701.34;CTB-Resumo.xlsx;2026-09-02
2006;U;CPMF;31935232806.38;CTB-Resumo.xlsx;2026-09-02
2007;U;CPMF;36319612692.87;CTB-Resumo.xlsx;2026-09-02
2008;U;CPMF;971299092.23;CTB-Resumo.xlsx;2026-09-02
2009;U;CPMF;-55668720.55;CTB-Resumo.xlsx;2026-09-02
2010;U;CPMF;-45253026.64;CTB-Resumo.xlsx;2026-09-02
2011;U;CPMF;-3552691.44;CTB-Resumo.xlsx;2026-09-02
2012;U;CPMF;-261599253.35;CTB-Resumo.xlsx;2026-09-02
2013;U;CPMF;-267832969.62;CTB-Resumo.xlsx;2026-09-02
2014;U;CPMF;0.0;CTB-Resumo.xlsx;2026-09-02
2015;U;CPMF;139527.36;CTB-Resumo.xlsx;2026-09-02
2000;U;CSLL;8665755898.92;CTB-Resumo.xlsx;2026-09-02
2001;U;CSLL;8967819437.21;CTB-Resumo.xlsx;2026-09-02
2002;U;CSLL;12374588637.7;CTB-Resumo.xlsx;2026-09-02
2003;U;CSLL;15661353073.99;CTB-Resumo.xlsx;2026-09-02
2004;U;CSLL;19309498564.27;CTB-Resumo.xlsx;2026-09-02
2005;U;CSLL;24948634396.94;CTB-Resumo.xlsx;2026-09-02
2006;U;CSLL;26547247109.49;CTB-Resumo.xlsx;2026-09-02
2007;U;CSLL;33183200646.65;CTB-Resumo.xlsx;2026-09-02
2008;U;CSLL;41663704322.95;CTB-Resumo.xlsx;2026-09-02
2009;U;CSLL;42808449156.0;CTB-Resumo.xlsx;2026-09-02
2010;U;CSLL;45199615522.7;CTB-Resumo.xlsx;2026-09-02
2011;U;CSLL;56964314448.21;CTB-Resumo.xlsx;2026-09-02
2012;U;CSLL;55608133454.89;CTB-Resumo.xlsx;2026-09-02
2013;U;CSLL;59775636327.71;CTB-Resumo.xlsx;2026-09-02
2014;U;CSLL;61590539157.7;CTB-Resumo.xlsx;2026-09-02
2015;U;CSLL;58696026286.71;CTB-Resumo.xlsx;2026-09-02
2000;U;PIS-PASEP;9484023518.88;CTB-Resumo.xlsx;2026-09-02
2001;U;PIS-PASEP;11186000738.15;CTB-Resumo.xlsx;2026-09-02
2002;U;PIS-PASEP;12472114273.01;CTB-Resumo.xlsx;2026-09-02
2003;U;PIS-PASEP;16506661782.37;CTB-Resumo.xlsx;2026-09-02
2004;U;PIS-PASEP;19278061622.53;CTB-Resumo.xlsx;2026-09-02
2005;U;PIS-PASEP;21296733059.44;CTB-Resumo.xlsx;2026-09-02
2006;U;PIS-PASEP;23387889583.13;CTB-Resumo.xlsx;2026-09-02
2007;U;PIS-PASEP;25779152216.56;CTB-Resumo.xlsx;2026-09-02
2008;U;PIS-PASEP;30326771021.26;CTB-Resumo.xlsx;2026-09-02
2009;U;PIS-PASEP;30439081343.48;CTB-Resumo.xlsx;2026-09-02
2010;U;PIS-PASEP;40007507456.12;CTB-Resumo.xlsx;2026-09-02
2011;U;PIS-PASEP;41153665609.03;CTB-Resumo.xlsx;2026-09-02
2012;U;PIS-PASEP;46352208561.25;CTB-Resumo.xlsx;2026-09-02
2013;U;PIS-PASEP;49724601599.55;CTB-Resumo.xlsx;2026-09-02
2014;U;PIS-PASEP;50830252342.89;CTB-Resumo.xlsx;2026-09-02
2015;U;PIS-PASEP;52442132156.1;CTB-Resumo.xlsx;2026-09-02
2000;U;Contrib. Seg. Serv. Público;3515690052.05;CTB-Resumo.xlsx;2026-09-02
2001;U;Contrib. Seg. Serv. Público;4124636190.97;CTB-Resumo.xlsx;2026-09-02
2002;U;Contrib. Seg. Serv. Público;5364184037.6;CTB-Resumo.xlsx;2026-09-02
2003;U;Contrib. Seg. Serv. Público;5466356399.33;CTB-Resumo.xlsx;2026-09-02
2004;U;Contrib. Seg. Serv. Público;8354569901.87;CTB-Resumo.xlsx;2026-09-02
2005;U;Contrib. Seg. Serv. Público;5823979337.48;CTB-Resumo.xlsx;2026-09-02
2006;U;Contrib. Seg. Serv. Público;6745580685.77;CTB-Resumo.xlsx;2026-09-02
2007;U;Contrib. Seg. Serv. Público;7793715001.2;CTB-Resumo.xlsx;2026-09-02
2008;U;Contrib. Seg. Serv. Público;8904434412.71;CTB-Resumo.xlsx;2026-09-02
2009;U;Contrib. Seg. Serv. Público;10114748539.0;CTB-Resumo.xlsx;2026-09-02
2010;U;Contrib. Seg. Serv. Público;11338062279.31;CTB-Resumo.xlsx;2026-09-02
2011;U;Contrib. Seg. Serv. Público;12274386912.01;CTB-Resumo.xlsx;2026-09-02
2012;U;Contrib. Seg. Serv. Público;12509357820.75;CTB-Resumo.xlsx;2026-09-02
2013;U;Contrib. Seg. Serv. Público;13380150281.05;CTB-Resumo.xlsx;2026-09-02
2014;U;Contrib. Seg. Serv. Público;14317351566.99;CTB-Resumo.xlsx;2026-09-02
2015;U;Contrib. Seg. Serv. Público;19467390204.97;CTB-Resumo.xlsx;2026-09-02
2000;U;Outras contribuições sociais;1986557136.59;CTB-Resumo.xlsx;2026-09-02
2001;U;Outras contribuições sociais;2183929310.35;CTB-Resumo.xlsx;2026-09-02
2002;U;Outras contribuições sociais;3548297144.44;CTB-Resumo.xlsx;2026-09-02
2003;U;Outras contribuições sociais;4323032499.06;CTB-Resumo.xlsx;2026-09-02
2004;U;Outras contribuições sociais;4131249565.35;CTB-Resumo.xlsx;2026-09-02
2005;U;Outras contribuições sociais;5785887477.03;CTB-Resumo.xlsx;2026-09-02
2006;U;Outras contribuições sociais;6176713935.82;CTB-Resumo.xlsx;2026-09-02
2007;U;Outras contribuições sociais;6196721400.75;CTB-Resumo.xlsx;2026-09-02
2008;U;Outras contribuições sociais;6625446622.86;CTB-Resumo.xlsx;2026-09-02
2009;U;Outras contribuições sociais;8049423901.69;CTB-Resumo.xlsx;2026-09-02
2010;U;Outras contribuições sociais;9011937848.42;CTB-Resumo.xlsx;2026-09-02
2011;U;Outras contribuições sociais;10065186438.81;CTB-Resumo.xlsx;2026-09-02
2012;U;Outras contribuições sociais;7993547864.42;CTB-Resumo.xlsx;2026-09-02
2013;U;Outras contribuições sociais;12488857401.05;CTB-Resumo.xlsx;2026-09-02
2014;U;Outras contribuições sociais;14505988595.64;CTB-Resumo.xlsx;2026-09-02
2015;U;Outras contribuições sociais;15432746904.08;CTB-Resumo.xlsx;2026-09-02
2000;U;FGTS;18708530527.1;CTB-Resumo.xlsx;2026-09-02
2001;U;FGTS;21074052206.15;CTB-Resumo.xlsx;2026-09-02
2002;U;FGTS;22421996700.43;CTB-Resumo.xlsx;2026-09-02
2003;U;FGTS;24956352242.58;CTB-Resumo.xlsx;2026-09-02
2004;U;FGTS;28269333316.92;CTB-Resumo.xlsx;2026-09-02
2005;U;FGTS;32247877017.27;CTB-Resumo.xlsx;2026-09-02
2006;U;FGTS;36505404629.33;CTB-Resumo.xlsx;2026-09-02
2007;U;FGTS;41630508849.16;CTB-Resumo.xlsx;2026-09-02
2008;U;FGTS;48714379836.64;CTB-Resumo.xlsx;2026-09-02
2009;U;FGTS;54725947860.41;CTB-Resumo.xlsx;2026-09-02
2010;U;FGTS;61797213442.77;CTB-Resumo.xlsx;2026-09-02
2011;U;FGTS;72260939292.62;CTB-Resumo.xlsx;2026-09-02
2012;U;FGTS;83033513518.83;CTB-Resumo.xlsx;2026-09-02
2013;U;FGTS;94415141165.54;CTB-Resumo.xlsx;2026-09-02
2014;U;FGTS;104744192951.54;CTB-Resumo.xlsx;2026-09-02
2015;U;FGTS;113529384750.98;CTB-Resumo.xlsx;2026-09-02
2000;U;Contribuições Econômicas;5022555273.9;CTB-Resumo.xlsx;2026-09-02
2001;U;Contribuições Econômicas;6740680325.65;CTB-Resumo.xlsx;2026-09-02
2002;U;Contribuições Econômicas;17146006455.69;CTB-Resumo.xlsx;2026-09-02
2003;U;Contribuições Econômicas;21707805412.8;CTB-Resumo.xlsx;2026-09-02
2004;U;Contribuições Econômicas;22904585273.78;CTB-Resumo.xlsx;2026-09-02
2005;U;Contribuições Econômicas;25980349672.02;CTB-Resumo.xlsx;2026-09-02
2006;U;Contribuições Econômicas;29472667532.07;CTB-Resumo.xlsx;2026-09-02
2007;U;Contribuições Econômicas;29270849660.76;CTB-Resumo.xlsx;2026-09-02
2008;U;Contribuições Econômicas;36100370902.22;CTB-Resumo.xlsx;2026-09-02
2009;U;Contribuições Econômicas;29404674214.62;CTB-Resumo.xlsx;2026-09-02
2010;U;Contribuições Econômicas;37948963505.63;CTB-Resumo.xlsx;2026-09-02
2011;U;Contribuições Econômicas;45265742123.69;CTB-Resumo.xlsx;2026-09-02
2012;U;Contribuições Econômicas;47284069065.07;CTB-Resumo.xlsx;2026-09-02
2013;U;Contribuições Econômicas;46586910855.57;CTB-Resumo.xlsx;2026-09-02
2014;U;Contribuições Econômicas;51370396584.29;CTB-Resumo.xlsx;2026-09-02
2015;U;Contribuições Econômicas;42325311733.4;CTB-Resumo.xlsx;2026-09-02
2000;U;Salário Educação;2728826013.66;CTB-Resumo.xlsx;2026-09-02
2001;U;Salário Educação;3068386363.64;CTB-Resumo.xlsx;2026-09-02
2002;U;Salário Educação;3607675528.27;CTB-Resumo.xlsx;2026-09-02
2003;U;Salário Educação;3983631019.34;CTB-Resumo.xlsx;2026-09-02
2004;U;Salário Educação;4802386770.6;CTB-Resumo.xlsx;2026-09-02
2005;U;Salário Educação;5761649807.42;CTB-Resumo.xlsx;2026-09-02
2006;U;Salário Educação;6925957467.76;CTB-Resumo.xlsx;2026-09-02
2007;U;Salário Educação;7088550547.85;CTB-Resumo.xlsx;2026-09-02
2008;U;Salário Educação;8776362279.34;CTB-Resumo.xlsx;2026-09-02
2009;U;Salário Educação;9588932864.52;CTB-Resumo.xlsx;2026-09-02
2010;U;Salário Educação;11049199077.04;CTB-Resumo.xlsx;2026-09-02
2011;U;Salário Educação;13115381982.62;CTB-Resumo.xlsx;2026-09-02
2012;U;Salário Educação;14774508960.04;CTB-Resumo.xlsx;2026-09-02
2013;U;Salário Educação;16560529686.53;CTB-Resumo.xlsx;2026-09-02
2014;U;Salário Educação;18275020343.02;CTB-Resumo.xlsx;2026-09-02
2015;U;Salário Educação;19038636237.43;CTB-Resumo.xlsx;2026-09-02
2000;U;Sistema S;2600000000.0;CTB-Resumo.xlsx;2026-09-02
2001;U;Sistema S;3235000000.0;CTB-Resumo.xlsx;2026-09-02
2002;U;Sistema S;3345700000.0;CTB-Resumo.xlsx;2026-09-02
2003;U;Sistema S;3902600000.0;CTB-Resumo.xlsx;2026-09-02
2004;U;Sistema S;4941980000.0;CTB-Resumo.xlsx;2026-09-02
2005;U;Sistema S;4941980000.0;CTB-Resumo.xlsx;2026-09-02
2006;U;Sistema S;5606290000.0;CTB-Resumo.xlsx;2026-09-02
2007;U;Sistema S;6591550000.0;CTB-Resumo.xlsx;2026-09-02
2008;U;Sistema S;7826380000.0;CTB-Resumo.xlsx;2026-09-02
2009;U;Sistema S;8523520000.0;CTB-Resumo.xlsx;2026-09-02
2010;U;Sistema S;9887200000.0;CTB-Resumo.xlsx;2026-09-02
2011;U;Sistema S;11662700000.0;CTB-Resumo.xlsx;2026-09-02
2012;U;Sistema S;13518920000.0;CTB-Resumo.xlsx;2026-09-02
2013;U;Sistema S;15331590000.0;CTB-Resumo.xlsx;2026-09-02
2014;U;Sistema S;16884000000.0;CTB-Resumo.xlsx;2026-09-02
2015;U;Sistema S;15695490916.03;CTB-Resumo.xlsx;2026-09-02
2000;U;Multas e Dívida Ativa;4890867070.68;CTB-Resumo.xlsx;2026-09-02
2001;U;Multas e Dívida Ativa;4509359769.63;CTB-Resumo.xlsx;2026-09-02
2002;U;Multas e Dívida Ativa;8575365349.46;CTB-Resumo.xlsx;2026-09-02
2003;U;Multas e Dívida Ativa;5421532998.83;CTB-Resumo.xlsx;2026-09-02
2004;U;Multas e Dívida Ativa;5766684152.92;CTB-Resumo.xlsx;2026-09-02
2005;U;Multas e Dívida Ativa;11759629719.77;CTB-Resumo.xlsx;2026-09-02
2006;U;Multas e Dívida Ativa;11635175267.96;CTB-Resumo.xlsx;2026-09-02
2007;U;Multas e Dívida Ativa;14467597956.63;CTB-Resumo.xlsx;2026-09-02
2008;U;Multas e Dívida Ativa;18682403732.31;CTB-Resumo.xlsx;2026-09-02
2009;U;Multas e Dívida Ativa;18672510571.47;CTB-Resumo.xlsx;2026-09-02
2010;U;Multas e Dívida Ativa;11687715905.25;CTB-Resumo.xlsx;2026-09-02
2011;U;Multas e Dívida Ativa;15198599560.58;CTB-Resumo.xlsx;2026-09-02
2012;U;Multas e Dívida Ativa;38958865468.69;CTB-Resumo.xlsx;2026-09-02
2013;U;Multas e Dívida Ativa;38188028814.3;CTB-Resumo.xlsx;2026-09-02
2014;U;Multas e Dívida Ativa;26764985139.23;CTB-Resumo.xlsx;2026-09-02
2015;U;Multas e Dívida Ativa;22530260816.65;CTB-Resumo.xlsx;2026-09-02
2000;E;ICMS;82274924000.0;CTB-Resumo.xlsx;2026-09-02
2001;E;ICMS;92126565580.02;CTB-Resumo.xlsx;2026-09-02
2002;E;ICMS;102951677537.05;CTB-Resumo.xlsx;2026-09-02
2003;E;ICMS;117135264136.03;CTB-Resumo.xlsx;2026-09-02
2004;E;ICMS;136580385025.33;CTB-Resumo.xlsx;2026-09-02
2005;E;ICMS;152367546741.1;CTB-Resumo.xlsx;2026-09-02
2006;E;ICMS;165666357598.86;CTB-Resumo.xlsx;2026-09-02
2007;E;ICMS;183537232943.23;CTB-Resumo.xlsx;2026-09-02
2008;E;ICMS;217297921705.38;CTB-Resumo.xlsx;2026-09-02
2009;E;ICMS;225337152460.26;CTB-Resumo.xlsx;2026-09-02
2010;E;ICMS;264745993474.58;CTB-Resumo.xlsx;2026-09-02
2011;E;ICMS;294378873021.69;CTB-Resumo.xlsx;2026-09-02
2012;E;ICMS;323415282340.8;CTB-Resumo.xlsx;2026-09-02
2013;E;ICMS;357383159195.38;CTB-Resumo.xlsx;2026-09-02
2014;E;ICMS;381249761085.64;CTB-Resumo.xlsx;2026-09-02
2015;E;ICMS;391983535992.55;CTB-Resumo.xlsx;2026-09-02
2000;E;IPVA;5296891000.0;CTB-Resumo.xlsx;2026-09-02
2001;E;IPVA;6218310736.01;CTB-Resumo.xlsx;2026-09-02
2002;E;IPVA;6944760533.51;CTB-Resumo.xlsx;2026-09-02
2003;E;IPVA;7643545505.16;CTB-Resumo.xlsx;2026-09-02
2004;E;IPVA;8812940626.73;CTB-Resumo.xlsx;2026-09-02
2005;E;IPVA;10387591113.85;CTB-Resumo.xlsx;2026-09-02
2006;E;IPVA;12064105158.21;CTB-Resumo.xlsx;2026-09-02
2007;E;IPVA;14286212447.48;CTB-Resumo.xlsx;2026-09-02
2008;E;IPVA;16629265263.44;CTB-Resumo.xlsx;2026-09-02
2009;E;IPVA;20071087781.52;CTB-Resumo.xlsx;2026-09-02
2010;E;IPVA;21277523129.35;CTB-Resumo.xlsx;2026-09-02
2011;E;IPVA;23939386537.41;CTB-Resumo.xlsx;2026-09-02
2012;E;IPVA;26685160329.12;CTB-Resumo.xlsx;2026-09-02
2013;E;IPVA;28809676666.69;CTB-Resumo.xlsx;2026-09-02
2014;E;IPVA;31271538787.67;CTB-Resumo.xlsx;2026-09-02
2015;E;IPVA;34912678887.92;CTB-Resumo.xlsx;2026-09-02
2000;E;ITCD;328869000.0;CTB-Resumo.xlsx;2026-09-02
2001;E;ITCD;335173983.38;CTB-Resumo.xlsx;2026-09-02
2002;E;ITCD;520097743.06;CTB-Resumo.xlsx;2026-09-02
2003;E;ITCD;871844232.93;CTB-Resumo.xlsx;2026-09-02
2004;E;ITCD;736069597.36;CTB-Resumo.xlsx;2026-09-02
2005;E;ITCD;815503889.06;CTB-Resumo.xlsx;2026-09-02
2006;E;ITCD;966978258.03;CTB-Resumo.xlsx;2026-09-02
2007;E;ITCD;1204448520.68;CTB-Resumo.xlsx;2026-09-02
2008;E;ITCD;1485849214.3;CTB-Resumo.xlsx;2026-09-02
2009;E;ITCD;1673087710.04;CTB-Resumo.xlsx;2026-09-02
2010;E;ITCD;2508177037.03;CTB-Resumo.xlsx;2026-09-02
2011;E;ITCD;2754768926.43;CTB-Resumo.xlsx;2026-09-02
2012;E;ITCD;3391111608.34;CTB-Resumo.xlsx;2026-09-02
2013;E;ITCD;4113284977.02;CTB-Resumo.xlsx;2026-09-02
2014;E;ITCD;4660029702.83;CTB-Resumo.xlsx;2026-09-02
2015;E;ITCD;6415526388.14;CTB-Resumo.xlsx;2026-09-02
2000;E;IRRF;4131000000.0;CTB-Resumo.xlsx;2026-09-02
2001;E;IRRF;4788121540.76;CTB-Resumo.xlsx;2026-09-02
2002;E;IRRF;5642558562.46;CTB-Resumo.xlsx;2026-09-02
2003;E;IRRF;6691621082.05;CTB-Resumo.xlsx;2026-09-02
2004;E;IRRF;8107695391.65;CTB-Resumo.xlsx;2026-09-02
2005;E;IRRF;8267277089.84;CTB-Resumo.xlsx;2026-09-02
2006;E;IRRF;10284240179.27;CTB-Resumo.xlsx;2026-09-02
2007;E;IRRF;11301138712.04;CTB-Resumo.xlsx;2026-09-02
2008;E;IRRF;12936655320.27;CTB-Resumo.xlsx;2026-09-02
2009;E;IRRF;12208578247.66;CTB-Resumo.xlsx;2026-09-02
2010;E;IRRF;16538761950.14;CTB-Resumo.xlsx;2026-09-02
2011;E;IRRF;19382035000.55;CTB-Resumo.xlsx;2026-09-02
2012;E;IRRF;20641857662.77;CTB-Resumo.xlsx;2026-09-02
2013;E;IRRF;22502789406.85;CTB-Resumo.xlsx;2026-09-02
2014;E;IRRF;29074394501.98;CTB-Resumo.xlsx;2026-09-02
2015;E;IRRF;33196818685.5;CTB-Resumo.xlsx;2026-09-02
2000;E;TAXAS;2876632000.0;CTB-Resumo.xlsx;2026-09-02
2001;E;TAXAS;2632750212.19;CTB-Resumo.xlsx;2026-09-02
2002;E;TAXAS;3050982735.68;CTB-Resumo.xlsx;2026-09-02
2003;E;TAXAS;3547513535.14;CTB-Resumo.xlsx;2026-09-02
2004;E;TAXAS;4368696190.83;CTB-Resumo.xlsx;2026-09-02
2005;E;TAXAS;5334905955.01;CTB-Resumo.xlsx;2026-09-02
2006;E;TAXAS;6149413089.49;CTB-Resumo.xlsx;2026-09-02
2007;E;TAXAS;7018683937.95;CTB-Resumo.xlsx;2026-09-02
2008;E;TAXAS;8145097818.66;CTB-Resumo.xlsx;2026-09-02
2009;E;TAXAS;9564282799.48;CTB-Resumo.xlsx;2026-09-02
2010;E;TAXAS;10430009214.97;CTB-Resumo.xlsx;2026-09-02
2011;E;TAXAS;11845724687.74;CTB-Resumo.xlsx;2026-09-02
2012;E;TAXAS;13600959551.55;CTB-Resumo.xlsx;2026-09-02
2013;E;TAXAS;16623531862.46;CTB-Resumo.xlsx;2026-09-02
2014;E;TAXAS;17891342745.55;CTB-Resumo.xlsx;2026-09-02
2015;E;TAXAS;18606897887.52;CTB-Resumo.xlsx;2026-09-02
2000;E;Previ. Estadual;1278323000.0;CTB-Resumo.xlsx;2026-09-02
2001;E;Previ. Estadual;6071215924.79;CTB-Resumo.xlsx;2026-09-02
2002;E;Previ. Estadual;8501475040.14;CTB-Resumo.xlsx;2026-09-02
2003;E;Previ. Estadual;10660093503.42;CTB-Resumo.xlsx;2026-09-02
2004;E;Previ. Estadual;13294473277.59;CTB-Resumo.xlsx;2026-09-02
2005;E;Previ. Estadual;14579521510.95;CTB-Resumo.xlsx;2026-09-02
2006;E;Previ. Estadual;15420326062.66;CTB-Resumo.xlsx;2026-09-02
2007;E;Previ. Estadual;16572447136.33;CTB-Resumo.xlsx;2026-09-02
2008;E;Previ. Estadual;16286006364.81;CTB-Resumo.xlsx;2026-09-02
2009;E;Previ. Estadual;15751856558.68;CTB-Resumo.xlsx;2026-09-02
2010;E;Previ. Estadual;17531526478.21;CTB-Resumo.xlsx;2026-09-02
2011;E;Previ. Estadual;19363597954.52;CTB-Resumo.xlsx;2026-09-02
2012;E;Previ. Estadual;22362687631.59;CTB-Resumo.xlsx;2026-09-02
2013;E;Previ. Estadual;23317189283.9;CTB-Resumo.xlsx;2026-09-02
2014;E;Previ. Estadual;26566038190.91;CTB-Resumo.xlsx;2026-09-02
2015;E;Previ. Estadual;28451411263.27;CTB-Resumo.xlsx;2026-09-02
2000;E;Contribuições de Melhoria e Econômicas;3144652000.0;CTB-Resumo.xlsx;2026-09-02
2001;E;Contribuições de Melhoria e Econômicas;3657211249.31;CTB-Resumo.xlsx;2026-09-02
2002;E;Contribuições de Melhoria e Econômicas;628932443.1;CTB-Resumo.xlsx;2026-09-02
2003;E;Contribuições de Melhoria e Econômicas;715152549.04;CTB-Resumo.xlsx;2026-09-02
2004;E;Contribuições de Melhoria e Econômicas;753148706.36;CTB-Resumo.xlsx;2026-09-02
2005;E;Contribuições de Melhoria e Econômicas;685413886.43;CTB-Resumo.xlsx;2026-09-02
2006;E;Contribuições de Melhoria e Econômicas;413282111.3;CTB-Resumo.xlsx;2026-09-02
2007;E;Contribuições de Melhoria e Econômicas;443533703.87;CTB-Resumo.xlsx;2026-09-02
2008;E;Contribuições de Melhoria e Econômicas;518161964.13;CTB-Resumo.xlsx;2026-09-02
2009;E;Contribuições de Melhoria e Econômicas;669083426.68;CTB-Resumo.xlsx;2026-09-02
2010;E;Contribuições de Melhoria e Econômicas;686467055.82;CTB-Resumo.xlsx;2026-09-02
2011;E;Contribuições de Melhoria e Econômicas;686481137.72;CTB-Resumo.xlsx;2026-09-02
2012;E;Contribuições de Melhoria e Econômicas;985553567.04;CTB-Resumo.xlsx;2026-09-02
2013;E;Contribuições de Melhoria e Econômicas;928186331.42;CTB-Resumo.xlsx;2026-09-02
2014;E;Contribuições de Melhoria e Econômicas;1004955844.15;CTB-Resumo.xlsx;2026-09-02
2015;E;Contribuições de Melhoria e Econômicas;1070558692.13;CTB-Resumo.xlsx;2026-09-02
2000;E;Demais (multas, juros e dívida ativa);2221422948.0;CTB-Resumo.xlsx;2026-09-02
2001;E;Demais (multas, juros e dívida ativa);769809370.68;CTB-Resumo.xlsx;2026-09-02
2002;E;Demais (multas, juros e dívida ativa);2968474594.59;CTB-Resumo.xlsx;2026-09-02
2003;E;Demais (multas, juros e dívida ativa);3319659944.99;CTB-Resumo.xlsx;2026-09-02
2004;E;Demais (multas, juros e dívida ativa);3622045625.09;CTB-Resumo.xlsx;2026-09-02
2005;E;Demais (multas, juros e dívida ativa);4360498238.0;CTB-Resumo.xlsx;2026-09-02
2006;E;Demais (multas, juros e dívida ativa);6089549230.84;CTB-Resumo.xlsx;2026-09-02
2007;E;Demais (multas, juros e dívida ativa);4514740716.88;CTB-Resumo.xlsx;2026-09-02
2008;E;Demais (multas, juros e dívida ativa);5677815346.66;CTB-Resumo.xlsx;2026-09-02
2009;E;Demais (multas, juros e dívida ativa);6104767083.2;CTB-Resumo.xlsx;2026-09-02
2010;E;Demais (multas, juros e dívida ativa);8575030040.08;CTB-Resumo.xlsx;2026-09-02
2011;E;Demais (multas, juros e dívida ativa);8857905461.01;CTB-Resumo.xlsx;2026-09-02
2012;E;Demais (multas, juros e dívida ativa);10673318122.08;CTB-Resumo.xlsx;2026-09-02
2013;E;Demais (multas, juros e dívida ativa);13454940977.18;CTB-Resumo.xlsx;2026-09-02
2014;E;Demais (multas, juros e dívida ativa);12160555270.58;CTB-Resumo.xlsx;2026-09-02
2015;E;Demais (multas, juros e dívida ativa);13227216725.82;CTB-Resumo.xlsx;2026-09-02
2000;M;ISS;6709391896.07;CTB-Resumo.xlsx;2026-09-02
2001;M;ISS;7445930448.84;CTB-Resumo.xlsx;2026-09-02
2002;M;ISS;8495296449.93;CTB-Resumo.xlsx;2026-09-02
2003;M;ISS;9674000259.86;CTB-Resumo.xlsx;2026-09-02
2004;M;ISS;11681605275.1;CTB-Resumo.xlsx;2026-09-02
2005;M;ISS;14049918443.39;CTB-Resumo.xlsx;2026-09-02
2006;M;ISS;16916468680.18;CTB-Resumo.xlsx;2026-09-02
2007;M;ISS;19740562864.66;CTB-Resumo.xlsx;2026-09-02
2008;M;ISS;23821352022.13;CTB-Resumo.xlsx;2026-09-02
2009;M;ISS;26190433288.04;CTB-Resumo.xlsx;2026-09-02
2010;M;ISS;31407240443.99;CTB-Resumo.xlsx;2026-09-02
2011;M;ISS;36656296818.84;CTB-Resumo.xlsx;2026-09-02
2012;M;ISS;42316509592.66;CTB-Resumo.xlsx;2026-09-02
2013;M;ISS;45783504649.34;CTB-Resumo.xlsx;2026-09-02
2014;M;ISS;50493151794.88;CTB-Resumo.xlsx;2026-09-02
2015;M;ISS;54074215310.5;CTB-Resumo.xlsx;2026-09-02
2000;M;IPTU;5558658423.25;CTB-Resumo.xlsx;2026-09-02
2001;M;IPTU;5979395291.47;CTB-Resumo.xlsx;2026-09-02
2002;M;IPTU;6963961194.05;CTB-Resumo.xlsx;2026-09-02
2003;M;IPTU;8091733552.96;CTB-Resumo.xlsx;2026-09-02
2004;M;IPTU;9508653459.9;CTB-Resumo.xlsx;2026-09-02
2005;M;IPTU;9910177490.74;CTB-Resumo.xlsx;2026-09-02
2006;M;IPTU;10870440675.32;CTB-Resumo.xlsx;2026-09-02
2007;M;IPTU;11879156686.15;CTB-Resumo.xlsx;2026-09-02
2008;M;IPTU;12857911024.08;CTB-Resumo.xlsx;2026-09-02
2009;M;IPTU;14184849605.03;CTB-Resumo.xlsx;2026-09-02
2010;M;IPTU;16364693568.25;CTB-Resumo.xlsx;2026-09-02
2011;M;IPTU;18378709162.54;CTB-Resumo.xlsx;2026-09-02
2012;M;IPTU;20246647526.21;CTB-Resumo.xlsx;2026-09-02
2013;M;IPTU;22580857568.78;CTB-Resumo.xlsx;2026-09-02
2014;M;IPTU;25042156666.29;CTB-Resumo.xlsx;2026-09-02
2015;M;IPTU;28085178097.27;CTB-Resumo.xlsx;2026-09-02
2000;M;ITBI;1135922449.14;CTB-Resumo.xlsx;2026-09-02
2001;M;ITBI;1271867615.44;CTB-Resumo.xlsx;2026-09-02
2002;M;ITBI;1528399289.71;CTB-Resumo.xlsx;2026-09-02
2003;M;ITBI;1614784651.48;CTB-Resumo.xlsx;2026-09-02
2004;M;ITBI;1740797578.97;CTB-Resumo.xlsx;2026-09-02
2005;M;ITBI;2035664814.67;CTB-Resumo.xlsx;2026-09-02
2006;M;ITBI;2461484918.18;CTB-Resumo.xlsx;2026-09-02
2007;M;ITBI;3198492296.28;CTB-Resumo.xlsx;2026-09-02
2008;M;ITBI;4023776553.11;CTB-Resumo.xlsx;2026-09-02
2009;M;ITBI;4183557536.17;CTB-Resumo.xlsx;2026-09-02
2010;M;ITBI;5572766021.6;CTB-Resumo.xlsx;2026-09-02
2011;M;ITBI;6870968719.72;CTB-Resumo.xlsx;2026-09-02
2012;M;ITBI;7903937366.74;CTB-Resumo.xlsx;2026-09-02
2013;M;ITBI;9304684636.59;CTB-Resumo.xlsx;2026-09-02
2014;M;ITBI;9934540263.51;CTB-Resumo.xlsx;2026-09-02
2015;M;ITBI;10160812069.32;CTB-Resumo.xlsx;2026-09-02
2000;M;IRRF;1382769805.45;CTB-Resumo.xlsx;2026-09-02
2001;M;IRRF;1668181600.68;CTB-Resumo.xlsx;2026-09-02
2002;M;IRRF;1792162834.95;CTB-Resumo.xlsx;2026-09-02
2003;M;IRRF;2189755411.68;CTB-Resumo.xlsx;2026-09-02
2004;M;IRRF;2419503760.25;CTB-Resumo.xlsx;2026-09-02
2005;M;IRRF;2800097898.04;CTB-Resumo.xlsx;2026-09-02
2006;M;IRRF;3286068949.21;CTB-Resumo.xlsx;2026-09-02
2007;M;IRRF;4032456547.18;CTB-Resumo.xlsx;2026-09-02
2008;M;IRRF;4948681254.06;CTB-Resumo.xlsx;2026-09-02
2009;M;IRRF;4884453200.24;CTB-Resumo.xlsx;2026-09-02
2010;M;IRRF;5587191831.73;CTB-Resumo.xlsx;2026-09-02
2011;M;IRRF;6776698998.85;CTB-Resumo.xlsx;2026-09-02
2012;M;IRRF;8108541658.55;CTB-Resumo.xlsx;2026-09-02
2013;M;IRRF;9259159219.56;CTB-Resumo.xlsx;2026-09-02
2014;M;IRRF;10718653682.4;CTB-Resumo.xlsx;2026-09-02
2015;M;IRRF;12454594761.09;CTB-Resumo.xlsx;2026-09-02
2000;M;TAXAS;2226356837.11;CTB-Resumo.xlsx;2026-09-02
2001;M;TAXAS;2335068395.94;CTB-Resumo.xlsx;2026-09-02
2002;M;TAXAS;2496493340.61;CTB-Resumo.xlsx;2026-09-02
2003;M;TAXAS;2750288643.66;CTB-Resumo.xlsx;2026-09-02
2004;M;TAXAS;2729510893.04;CTB-Resumo.xlsx;2026-09-02
2005;M;TAXAS;2895136621.57;CTB-Resumo.xlsx;2026-09-02
2006;M;TAXAS;3007859376.23;CTB-Resumo.xlsx;2026-09-02
2007;M;TAXAS;3196988878.4;CTB-Resumo.xlsx;2026-09-02
2008;M;TAXAS;3491612732.68;CTB-Resumo.xlsx;2026-09-02
2009;M;TAXAS;3862601296.77;CTB-Resumo.xlsx;2026-09-02
2010;M;TAXAS;4337558354.26;CTB-Resumo.xlsx;2026-09-02
2011;M;TAXAS;4830637944.39;CTB-Resumo.xlsx;2026-09-02
2012;M;TAXAS;5320119824.21;CTB-Resumo.xlsx;2026-09-02
2013;M;TAXAS;5898624657.47;CTB-Resumo.xlsx;2026-09-02
2014;M;TAXAS;6461356108.83;CTB-Resumo.xlsx;2026-09-02
2015;M;TAXAS;7187802809.17;CTB-Resumo.xlsx;2026-09-02
2000;M;Previd. Municipal;822764267.62;CTB-Resumo.xlsx;2026-09-02
2001;M;Previd. Municipal;1035900960.86;CTB-Resumo.xlsx;2026-09-02
2002;M;Previd. Municipal;2086350934.57;CTB-Resumo.xlsx;2026-09-02
2003;M;Previd. Municipal;2699881725.75;CTB-Resumo.xlsx;2026-09-02
2004;M;Previd. Municipal;3394095789.31;CTB-Resumo.xlsx;2026-09-02
2005;M;Previd. Municipal;3185620504.75;CTB-Resumo.xlsx;2026-09-02
2006;M;Previd. Municipal;3477949333.69;CTB-Resumo.xlsx;2026-09-02
2007;M;Previd. Municipal;4449850546.17;CTB-Resumo.xlsx;2026-09-02
2008;M;Previd. Municipal;4566162814.13;CTB-Resumo.xlsx;2026-09-02
2009;M;Previd. Municipal;5162157781.29;CTB-Resumo.xlsx;2026-09-02
2010;M;Previd. Municipal;6035828082.95;CTB-Resumo.xlsx;2026-09-02
2011;M;Previd. Municipal;7211578379.39;CTB-Resumo.xlsx;2026-09-02
2012;M;Previd. Municipal;7865626915.16;CTB-Resumo.xlsx;2026-09-02
2013;M;Previd. Municipal;8507164748.91;CTB-Resumo.xlsx;2026-09-02
2014;M;Previd. Municipal;9274100127.97;CTB-Resumo.xlsx;2026-09-02
2015;M;Previd. Municipal;10698586849.88;CTB-Resumo.xlsx;2026-09-02
2000;M;Contribuições de Melhoria e Econômicas;448547578.08;CTB-Resumo.xlsx;2026-09-02
2001;M;Contribuições de Melhoria e Econômicas;548343759.22;CTB-Resumo.xlsx;2026-09-02
2002;M;Contribuições de Melhoria e Econômicas;403267163.47;CTB-Resumo.xlsx;2026-09-02
2003;M;Contribuições de Melhoria e Econômicas;1582932290.71;CTB-Resumo.xlsx;2026-09-02
2004;M;Contribuições de Melhoria e Econômicas;2624919503.68;CTB-Resumo.xlsx;2026-09-02
2005;M;Contribuições de Melhoria e Econômicas;1956598707.99;CTB-Resumo.xlsx;2026-09-02
2006;M;Contribuições de Melhoria e Econômicas;2268238186.34;CTB-Resumo.xlsx;2026-09-02
2007;M;Contribuições de Melhoria e Econômicas;2549898818.32;CTB-Resumo.xlsx;2026-09-02
2008;M;Contribuições de Melhoria e Econômicas;2658732137.12;CTB-Resumo.xlsx;2026-09-02
2009;M;Contribuições de Melhoria e Econômicas;2889708202.04;CTB-Resumo.xlsx;2026-09-02
2010;M;Contribuições de Melhoria e Econômicas;3274268330.41;CTB-Resumo.xlsx;2026-09-02
2011;M;Contribuições de Melhoria e Econômicas;3389953747.22;CTB-Resumo.xlsx;2026-09-02
2012;M;Contribuições de Melhoria e Econômicas;3621089955.38;CTB-Resumo.xlsx;2026-09-02
2013;M;Contribuições de Melhoria e Econômicas;4261613713.88;CTB-Resumo.xlsx;2026-09-02
2014;M;Contribuições de Melhoria e Econômicas;4727820062.39;CTB-Resumo.xlsx;2026-09-02
2015;M;Contribuições de Melhoria e Econômicas;6346209277.31;CTB-Resumo.xlsx;2026-09-02
2000;M;Demais (multas, juros e dívida ativa);2575980990.81;CTB-Resumo.xlsx;2026-09-02
2001;M;Demais (multas, juros e dívida ativa);2779060907.73;CTB-Resumo.xlsx;2026-09-02
2002;M;Demais (multas, juros e dívida ativa);3322974793.9;CTB-Resumo.xlsx;2026-09-02
2003;M;Demais (multas, juros e dívida ativa);3824952721.05;CTB-Resumo.xlsx;2026-09-02
2004;M;Demais (multas, juros e dívida ativa);4434553942.98;CTB-Resumo.xlsx;2026-09-02
2005;M;Demais (multas, juros e dívida ativa);4768961433.67;CTB-Resumo.xlsx;2026-09-02
2006;M;Demais (multas, juros e dívida ativa);5596470948.14;CTB-Resumo.xlsx;2026-09-02
2007;M;Demais (multas, juros e dívida ativa);6297932347.07;CTB-Resumo.xlsx;2026-09-02
2008;M;Demais (multas, juros e dívida ativa);6799817770.88;CTB-Resumo.xlsx;2026-09-02
2009;M;Demais (multas, juros e dívida ativa);6799738689.89;CTB-Resumo.xlsx;2026-09-02
2010;M;Demais (multas, juros e dívida ativa);7752264797.85;CTB-Resumo.xlsx;2026-09-02
2011;M;Demais (multas, juros e dívida ativa);9273228329.61;CTB-Resumo.xlsx;2026-09-02
2012;M;Demais (multas, juros e dívida ativa);9817575264.91;CTB-Resumo.xlsx;2026-09-02
2013;M;Demais (multas, juros e dívida ativa);11130269211.55;CTB-Resumo.xlsx;2026-09-02
2014;M;Demais (multas, juros e dívida ativa);13057884626.99;CTB-Resumo.xlsx;2026-09-02
2015;M;Demais (multas, juros e dívida ativa);13035138078.59;CTB-Resumo.xlsx;2026-09-02
