ano;bloco_origem;bloco_destino;modalidade;valor_reais;fonte;data_extracao
2000;U;E;FPE;12182458536.42;CTB-Resumo.xlsx;2026-09-02
2001;U;E;FPE;14336497892.79;CTB-Resumo.xlsx;2026-09-02
2002;U;E;FPE;17742619526.22;CTB-Resumo.xlsx;2026-09-02
2003;U;E;FPE;18457708494.36;CTB-Resumo.xlsx;2026-09-02
2004;U;E;FPE;20345552423.42;CTB-Resumo.xlsx;2026-09-02
2005;U;E;FPE;25463501920.09;CTB-Resumo.xlsx;2026-09-02
2006;U;E;FPE;28180910502.02;CTB-Resumo.xlsx;2026-09-02
2007;U;E;FPE;32009695627.33;CTB-Resumo.xlsx;2026-09-02
2008;U;E;FPE;38350492390.73;CTB-Resumo.xlsx;2026-09-02
2009;U;E;FPE;36206411388.02;CTB-Resumo.xlsx;2026-09-02
2010;U;E;FPE;39024096594.7;CTB-Resumo.xlsx;2026-09-02
2011;U;E;FPE;48070192495.77;CTB-Resumo.xlsx;2026-09-02
2012;U;E;FPE;49564485811.46;CTB-Resumo.xlsx;2026-09-02
2013;U;E;FPE;53304168348.97;CTB-Resumo.xlsx;2026-09-02
2014;U;E;FPE;58086157910.52;CTB-Resumo.xlsx;2026-09-02
2015;U;E;FPE;61105697847.03;CTB-Resumo.xlsx;2026-09-02
2000;U;E;FPEx;1499535562.16;CTB-Resumo.xlsx;2026-09-02
2001;U;E;FPEx;1613313220.9;CTB-Resumo.xlsx;2026-09-02
2002;U;E;FPEx;1596402198.63;CTB-Resumo.xlsx;2026-09-02
2003;U;E;FPEx;1533246319.49;CTB-Resumo.xlsx;2026-09-02
2004;U;E;FPEx;1830519519.95;CTB-Resumo.xlsx;2026-09-02
2005;U;E;FPEx;2077516167.96;CTB-Resumo.xlsx;2026-09-02
2006;U;E;FPEx;2339758710.94;CTB-Resumo.xlsx;2026-09-02
2007;U;E;FPEx;2666539540.7;CTB-Resumo.xlsx;2026-09-02
2008;U;E;FPEx;2951036864.81;CTB-Resumo.xlsx;2026-09-02
2009;U;E;FPEx;2263212671.78;CTB-Resumo.xlsx;2026-09-02
2010;U;E;FPEx;2948406851.5;CTB-Resumo.xlsx;2026-09-02
2011;U;E;FPEx;3528161452.34;CTB-Resumo.xlsx;2026-09-02
2012;U;E;FPEx;3393528980.53;CTB-Resumo.xlsx;2026-09-02
2013;U;E;FPEx;3573840064.65;CTB-Resumo.xlsx;2026-09-02
2014;U;E;FPEx;3888101402.98;CTB-Resumo.xlsx;2026-09-02
2015;U;E;FPEx;3941707731.3;CTB-Resumo.xlsx;2026-09-02
2000;U;E;IOF OURO;459576.27;CTB-Resumo.xlsx;2026-09-02
2001;U;E;IOF OURO;335302.99;CTB-Resumo.xlsx;2026-09-02
2002;U;E;IOF OURO;813840.5;CTB-Resumo.xlsx;2026-09-02
2003;U;E;IOF OURO;1583831.34;CTB-Resumo.xlsx;2026-09-02
2004;U;E;IOF OURO;2240909.21;CTB-Resumo.xlsx;2026-09-02
2005;U;E;IOF OURO;909324.06;CTB-Resumo.xlsx;2026-09-02
2006;U;E;IOF OURO;1047091.93;CTB-Resumo.xlsx;2026-09-02
2007;U;E;IOF OURO;1186913.18;CTB-Resumo.xlsx;2026-09-02
2008;U;E;IOF OURO;1326635.98;CTB-Resumo.xlsx;2026-09-02
2009;U;E;IOF OURO;1533605.5;CTB-Resumo.xlsx;2026-09-02
2010;U;E;IOF OURO;1278254.32;CTB-Resumo.xlsx;2026-09-02
2011;U;E;IOF OURO;2078801.28;CTB-Resumo.xlsx;2026-09-02
2012;U;E;IOF OURO;3240143.27;CTB-Resumo.xlsx;2026-09-02
2013;U;E;IOF OURO;3437069.98;CTB-Resumo.xlsx;2026-09-02
2014;U;E;IOF OURO;2935784.21;CTB-Resumo.xlsx;2026-09-02
2015;U;E;IOF OURO;5195153.33;CTB-Resumo.xlsx;2026-09-02
2000;U;E;SEGURO REC. ICMS;2436223789.7;CTB-Resumo.xlsx;2026-09-02
2001;U;E;SEGURO REC. ICMS;2289355966.32;CTB-Resumo.xlsx;2026-09-02
2002;U;E;SEGURO REC. ICMS;2526602224.66;CTB-Resumo.xlsx;2026-09-02
2003;U;E;SEGURO REC. ICMS;2424731600.36;CTB-Resumo.xlsx;2026-09-02
2004;U;E;SEGURO REC. ICMS;2173350444.72;CTB-Resumo.xlsx;2026-09-02
2005;U;E;SEGURO REC. ICMS;2173350444.72;CTB-Resumo.xlsx;2026-09-02
2006;U;E;SEGURO REC. ICMS;1246480402.87;CTB-Resumo.xlsx;2026-09-02
2007;U;E;SEGURO REC. ICMS;1222137373.53;CTB-Resumo.xlsx;2026-09-02
2008;U;E;SEGURO REC. ICMS;1197647700.21;CTB-Resumo.xlsx;2026-09-02
2009;U;E;SEGURO REC. ICMS;1173158026.44;CTB-Resumo.xlsx;2026-09-02
2010;U;E;SEGURO REC. ICMS;1173158026.44;CTB-Resumo.xlsx;2026-09-02
2011;U;E;SEGURO REC. ICMS;1173158026.44;CTB-Resumo.xlsx;2026-09-02
2012;U;E;SEGURO REC. ICMS;1173158026.44;CTB-Resumo.xlsx;2026-09-02
2013;U;E;SEGURO REC. ICMS;1173158025.96;CTB-Resumo.xlsx;2026-09-02
2014;U;E;SEGURO REC. ICMS;1173158026.44;CTB-Resumo.xlsx;2026-09-02
2015;U;E;SEGURO REC. ICMS;1173158025.96;CTB-Resumo.xlsx;2026-09-02
2000;U;E;FUNDEF/FUNDEB;2824453929.3;CTB-Resumo.xlsx;2026-09-02
2001;U;E;FUNDEF/FUNDEB;3072436590.37;CTB-Resumo.xlsx;2026-09-02
2002;U;E;FUNDEF/FUNDEB;3541816546.91;CTB-Resumo.xlsx;2026-09-02
2003;U;E;FUNDEF/FUNDEB;3505667047.71;CTB-Resumo.xlsx;2026-09-02
2004;U;E;FUNDEF/FUNDEB;3620234519.27;CTB-Resumo.xlsx;2026-09-02
2005;U;E;FUNDEF/FUNDEB;4262316409.32;CTB-Resumo.xlsx;2026-09-02
2006;U;E;FUNDEF/FUNDEB;4386847194.58;CTB-Resumo.xlsx;2026-09-02
2007;U;E;FUNDEF/FUNDEB;6524613444.67;CTB-Resumo.xlsx;2026-09-02
2008;U;E;FUNDEF/FUNDEB;7704293186.18;CTB-Resumo.xlsx;2026-09-02
2009;U;E;FUNDEF/FUNDEB;10681701154.89;CTB-Resumo.xlsx;2026-09-02
2010;U;E;FUNDEF/FUNDEB;11277406968.31;CTB-Resumo.xlsx;2026-09-02
2011;U;E;FUNDEF/FUNDEB;14507745195.92;CTB-Resumo.xlsx;2026-09-02
2012;U;E;FUNDEF/FUNDEB;12160886710.68;CTB-Resumo.xlsx;2026-09-02
2013;U;E;FUNDEF/FUNDEB;15250968122.28;CTB-Resumo.xlsx;2026-09-02
2014;U;E;FUNDEF/FUNDEB;16455501477.03;CTB-Resumo.xlsx;2026-09-02
2015;U;E;FUNDEF/FUNDEB;17361863613.64;CTB-Resumo.xlsx;2026-09-02
2000;U;E;SAL.EDUCAÇÃO;1819217342.44;CTB-Resumo.xlsx;2026-09-02
2001;U;E;SAL.EDUCAÇÃO;2045590909.09;CTB-Resumo.xlsx;2026-09-02
2002;U;E;SAL.EDUCAÇÃO;2405117018.85;CTB-Resumo.xlsx;2026-09-02
2003;U;E;SAL.EDUCAÇÃO;2655754012.89;CTB-Resumo.xlsx;2026-09-02
2004;U;E;SAL.EDUCAÇÃO;3201591180.4;CTB-Resumo.xlsx;2026-09-02
2005;U;E;SAL.EDUCAÇÃO;3841099871.61;CTB-Resumo.xlsx;2026-09-02
2006;U;E;SAL.EDUCAÇÃO;4617304978.51;CTB-Resumo.xlsx;2026-09-02
2007;U;E;SAL.EDUCAÇÃO;4725700365.23;CTB-Resumo.xlsx;2026-09-02
2008;U;E;SAL.EDUCAÇÃO;5850908186.23;CTB-Resumo.xlsx;2026-09-02
2009;U;E;SAL.EDUCAÇÃO;6392621909.68;CTB-Resumo.xlsx;2026-09-02
2010;U;E;SAL.EDUCAÇÃO;7366132718.03;CTB-Resumo.xlsx;2026-09-02
2011;U;E;SAL.EDUCAÇÃO;8743587988.41;CTB-Resumo.xlsx;2026-09-02
2012;U;E;SAL.EDUCAÇÃO;9849672640.03;CTB-Resumo.xlsx;2026-09-02
2013;U;E;SAL.EDUCAÇÃO;11040353124.35;CTB-Resumo.xlsx;2026-09-02
2014;U;E;SAL.EDUCAÇÃO;12183346895.35;CTB-Resumo.xlsx;2026-09-02
2015;U;E;SAL.EDUCAÇÃO;12692424158.29;CTB-Resumo.xlsx;2026-09-02
2004;U;E;FEX;671634731.25;CTB-Resumo.xlsx;2026-09-02
2005;U;E;FEX;1018769006.25;CTB-Resumo.xlsx;2026-09-02
2006;U;E;FEX;1797023236.02;CTB-Resumo.xlsx;2026-09-02
2007;U;E;FEX;1454800388.53;CTB-Resumo.xlsx;2026-09-02
2008;U;E;FEX;2439971080.62;CTB-Resumo.xlsx;2026-09-02
2009;U;E;FEX;1462500000.0;CTB-Resumo.xlsx;2026-09-02
2010;U;E;FEX;1462500000.07;CTB-Resumo.xlsx;2026-09-02
2011;U;E;FEX;1462500000.0;CTB-Resumo.xlsx;2026-09-02
2012;U;E;FEX;1462500000.0;CTB-Resumo.xlsx;2026-09-02
2014;U;E;FEX;1462500000.0;CTB-Resumo.xlsx;2026-09-02
2015;U;E;FEX;1462500000.16;CTB-Resumo.xlsx;2026-09-02
2004;U;E;CIDE;835862042.67;CTB-Resumo.xlsx;2026-09-02
2005;U;E;CIDE;1338102239.97;CTB-Resumo.xlsx;2026-09-02
2006;U;E;CIDE;1342016629.04;CTB-Resumo.xlsx;2026-09-02
2007;U;E;CIDE;1394173791.53;CTB-Resumo.xlsx;2026-09-02
2008;U;E;CIDE;1189775185.76;CTB-Resumo.xlsx;2026-09-02
2009;U;E;CIDE;725233073.44;CTB-Resumo.xlsx;2026-09-02
2010;U;E;CIDE;1338148351.78;CTB-Resumo.xlsx;2026-09-02
2011;U;E;CIDE;1589745039.3;CTB-Resumo.xlsx;2026-09-02
2012;U;E;CIDE;842360482.69;CTB-Resumo.xlsx;2026-09-02
2013;U;E;CIDE;43190335.17;CTB-Resumo.xlsx;2026-09-02
2014;U;E;CIDE;87468743.3;CTB-Resumo.xlsx;2026-09-02
2015;U;E;CIDE;337561199.59;CTB-Resumo.xlsx;2026-09-02
2010;U;E;AFE;800000000.0;CTB-Resumo.xlsx;2026-09-02
2000;U;E;ROYALTIES E PARTICIPAÇÕES;1340815410.04;CTB-Resumo.xlsx;2026-09-02
2001;U;E;ROYALTIES E PARTICIPAÇÕES;1848431360.88;CTB-Resumo.xlsx;2026-09-02
2002;U;E;ROYALTIES E PARTICIPAÇÕES;2504430964.74;CTB-Resumo.xlsx;2026-09-02
2003;U;E;ROYALTIES E PARTICIPAÇÕES;3965427977.91;CTB-Resumo.xlsx;2026-09-02
2004;U;E;ROYALTIES E PARTICIPAÇÕES;4316237010.97;CTB-Resumo.xlsx;2026-09-02
2005;U;E;ROYALTIES E PARTICIPAÇÕES;5416921728.63;CTB-Resumo.xlsx;2026-09-02
2006;U;E;ROYALTIES E PARTICIPAÇÕES;6602578882.7;CTB-Resumo.xlsx;2026-09-02
2007;U;E;ROYALTIES E PARTICIPAÇÕES;5903146036.19;CTB-Resumo.xlsx;2026-09-02
2008;U;E;ROYALTIES E PARTICIPAÇÕES;8718672852.68;CTB-Resumo.xlsx;2026-09-02
2009;U;E;ROYALTIES E PARTICIPAÇÕES;6576957296.36;CTB-Resumo.xlsx;2026-09-02
2010;U;E;ROYALTIES E PARTICIPAÇÕES;8384858931.96;CTB-Resumo.xlsx;2026-09-02
2011;U;E;ROYALTIES E PARTICIPAÇÕES;9720223152.03;CTB-Resumo.xlsx;2026-09-02
2012;U;E;ROYALTIES E PARTICIPAÇÕES;11850085890.22;CTB-Resumo.xlsx;2026-09-02
2013;U;E;ROYALTIES E PARTICIPAÇÕES;11899205625.9;CTB-Resumo.xlsx;2026-09-02
2014;U;E;ROYALTIES E PARTICIPAÇÕES;13120187768.12;CTB-Resumo.xlsx;2026-09-02
2015;U;E;ROYALTIES E PARTICIPAÇÕES;9316424916.09;CTB-Resumo.xlsx;2026-09-02
2000;U;M;FPM;12816400875.72;CTB-Resumo.xlsx;2026-09-02
2001;U;M;FPM;15023859591.2;CTB-Resumo.xlsx;2026-09-02
2002;U;M;FPM;18594706469.17;CTB-Resumo.xlsx;2026-09-02
2003;U;M;FPM;19342890965.63;CTB-Resumo.xlsx;2026-09-02
2004;U;M;FPM;21321985259.98;CTB-Resumo.xlsx;2026-09-02
2005;U;M;FPM;26675875945.32;CTB-Resumo.xlsx;2026-09-02
2006;U;M;FPM;29502772204.0;CTB-Resumo.xlsx;2026-09-02
2007;U;M;FPM;33934881729.93;CTB-Resumo.xlsx;2026-09-02
2008;U;M;FPM;42301648168.16;CTB-Resumo.xlsx;2026-09-02
2009;U;M;FPM;40001030827.12;CTB-Resumo.xlsx;2026-09-02
2010;U;M;FPM;43068937166.68;CTB-Resumo.xlsx;2026-09-02
2011;U;M;FPM;53097363070.56;CTB-Resumo.xlsx;2026-09-02
2012;U;M;FPM;54746846968.82;CTB-Resumo.xlsx;2026-09-02
2013;U;M;FPM;58878035229.07;CTB-Resumo.xlsx;2026-09-02
2014;U;M;FPM;64158174315.75;CTB-Resumo.xlsx;2026-09-02
2015;U;M;FPM;68398980853.0;CTB-Resumo.xlsx;2026-09-02
2000;U;M;ITR;111569021.69;CTB-Resumo.xlsx;2026-09-02
2001;U;M;ITR;93462393.79;CTB-Resumo.xlsx;2026-09-02
2002;U;M;ITR;121492071.4;CTB-Resumo.xlsx;2026-09-02
2003;U;M;ITR;132722501.91;CTB-Resumo.xlsx;2026-09-02
2004;U;M;ITR;140506778.35;CTB-Resumo.xlsx;2026-09-02
2005;U;M;ITR;134226328.14;CTB-Resumo.xlsx;2026-09-02
2006;U;M;ITR;152237734.02;CTB-Resumo.xlsx;2026-09-02
2007;U;M;ITR;160471451.87;CTB-Resumo.xlsx;2026-09-02
2008;U;M;ITR;168463513.15;CTB-Resumo.xlsx;2026-09-02
2009;U;M;ITR;231144791.63;CTB-Resumo.xlsx;2026-09-02
2010;U;M;ITR;362525533.46;CTB-Resumo.xlsx;2026-09-02
2011;U;M;ITR;396873232.61;CTB-Resumo.xlsx;2026-09-02
2012;U;M;ITR;437427448.0;CTB-Resumo.xlsx;2026-09-02
2013;U;M;ITR;532578062.66;CTB-Resumo.xlsx;2026-09-02
2014;U;M;ITR;687338152.9;CTB-Resumo.xlsx;2026-09-02
2015;U;M;ITR;845145393.84;CTB-Resumo.xlsx;2026-09-02
2000;U;M;IOF OURO;1072344.62;CTB-Resumo.xlsx;2026-09-02
2001;U;M;IOF OURO;782373.48;CTB-Resumo.xlsx;2026-09-02
2002;U;M;IOF OURO;1898960.97;CTB-Resumo.xlsx;2026-09-02
2003;U;M;IOF OURO;3695606.11;CTB-Resumo.xlsx;2026-09-02
2004;U;M;IOF OURO;5228786.13;CTB-Resumo.xlsx;2026-09-02
2005;U;M;IOF OURO;2121754.38;CTB-Resumo.xlsx;2026-09-02
2006;U;M;IOF OURO;2443213.46;CTB-Resumo.xlsx;2026-09-02
2007;U;M;IOF OURO;2769462.85;CTB-Resumo.xlsx;2026-09-02
2008;U;M;IOF OURO;3095483.12;CTB-Resumo.xlsx;2026-09-02
2009;U;M;IOF OURO;3578411.82;CTB-Resumo.xlsx;2026-09-02
2010;U;M;IOF OURO;2982592.83;CTB-Resumo.xlsx;2026-09-02
2011;U;M;IOF OURO;4850535.92;CTB-Resumo.xlsx;2026-09-02
2012;U;M;IOF OURO;7560333.33;CTB-Resumo.xlsx;2026-09-02
2013;U;M;IOF OURO;8019829.16;CTB-Resumo.xlsx;2026-09-02
2014;U;M;IOF OURO;6850161.05;CTB-Resumo.xlsx;2026-09-02
2015;U;M;IOF OURO;12122023.19;CTB-Resumo.xlsx;2026-09-02
2000;U;M;SEGURO REC. ICMS;810545322.9;CTB-Resumo.xlsx;2026-09-02
2001;U;M;SEGURO REC. ICMS;756108782.07;CTB-Resumo.xlsx;2026-09-02
2002;U;M;SEGURO REC. ICMS;834734683.38;CTB-Resumo.xlsx;2026-09-02
2003;U;M;SEGURO REC. ICMS;864085504.77;CTB-Resumo.xlsx;2026-09-02
2004;U;M;SEGURO REC. ICMS;717999156.69;CTB-Resumo.xlsx;2026-09-02
2005;U;M;SEGURO REC. ICMS;717795299.06;CTB-Resumo.xlsx;2026-09-02
2006;U;M;SEGURO REC. ICMS;411381387.59;CTB-Resumo.xlsx;2026-09-02
2007;U;M;SEGURO REC. ICMS;402992850.24;CTB-Resumo.xlsx;2026-09-02
2008;U;M;SEGURO REC. ICMS;394917579.07;CTB-Resumo.xlsx;2026-09-02
2009;U;M;SEGURO REC. ICMS;386842243.74;CTB-Resumo.xlsx;2026-09-02
2010;U;M;SEGURO REC. ICMS;386842243.28;CTB-Resumo.xlsx;2026-09-02
2011;U;M;SEGURO REC. ICMS;386842239.76;CTB-Resumo.xlsx;2026-09-02
2012;U;M;SEGURO REC. ICMS;386842235.48;CTB-Resumo.xlsx;2026-09-02
2013;U;M;SEGURO REC. ICMS;386842174.04;CTB-Resumo.xlsx;2026-09-02
2014;U;M;SEGURO REC. ICMS;386842243.52;CTB-Resumo.xlsx;2026-09-02
2015;U;M;SEGURO REC. ICMS;386842175.34;CTB-Resumo.xlsx;2026-09-02
2000;U;M;FUNDEF/FUNDEB;2900051126.71;CTB-Resumo.xlsx;2026-09-02
2001;U;M;FUNDEF/FUNDEB;3357095442.76;CTB-Resumo.xlsx;2026-09-02
2002;U;M;FUNDEF/FUNDEB;4133887520.87;CTB-Resumo.xlsx;2026-09-02
2003;U;M;FUNDEF/FUNDEB;4351123818.06;CTB-Resumo.xlsx;2026-09-02
2004;U;M;FUNDEF/FUNDEB;5015434944.02;CTB-Resumo.xlsx;2026-09-02
2005;U;M;FUNDEF/FUNDEB;6176516902.31;CTB-Resumo.xlsx;2026-09-02
2006;U;M;FUNDEF/FUNDEB;6733544532.94;CTB-Resumo.xlsx;2026-09-02
2007;U;M;FUNDEF/FUNDEB;9451729768.47;CTB-Resumo.xlsx;2026-09-02
2008;U;M;FUNDEF/FUNDEB;10356124866.95;CTB-Resumo.xlsx;2026-09-02
2009;U;M;FUNDEF/FUNDEB;13925945354.01;CTB-Resumo.xlsx;2026-09-02
2010;U;M;FUNDEF/FUNDEB;15259450172.26;CTB-Resumo.xlsx;2026-09-02
2011;U;M;FUNDEF/FUNDEB;20786472945.65;CTB-Resumo.xlsx;2026-09-02
2012;U;M;FUNDEF/FUNDEB;17569392124.95;CTB-Resumo.xlsx;2026-09-02
2013;U;M;FUNDEF/FUNDEB;22709252796.05;CTB-Resumo.xlsx;2026-09-02
2014;U;M;FUNDEF/FUNDEB;25656301141.32;CTB-Resumo.xlsx;2026-09-02
2015;U;M;FUNDEF/FUNDEB;28775925207.37;CTB-Resumo.xlsx;2026-09-02
2004;U;M;FEX;223729443.75;CTB-Resumo.xlsx;2026-09-02
2005;U;M;FEX;338630568.75;CTB-Resumo.xlsx;2026-09-02
2006;U;M;FEX;596280595.23;CTB-Resumo.xlsx;2026-09-02
2007;U;M;FEX;483016612.64;CTB-Resumo.xlsx;2026-09-02
2008;U;M;FEX;810930306.87;CTB-Resumo.xlsx;2026-09-02
2009;U;M;FEX;487500000.0;CTB-Resumo.xlsx;2026-09-02
2010;U;M;FEX;487499999.93;CTB-Resumo.xlsx;2026-09-02
2011;U;M;FEX;487500000.0;CTB-Resumo.xlsx;2026-09-02
2012;U;M;FEX;487500000.0;CTB-Resumo.xlsx;2026-09-02
2014;U;M;FEX;487500000.0;CTB-Resumo.xlsx;2026-09-02
2015;U;M;FEX;487499999.84;CTB-Resumo.xlsx;2026-09-02
2004;U;M;CIDE;273333515.41;CTB-Resumo.xlsx;2026-09-02
2005;U;M;CIDE;437951715.05;CTB-Resumo.xlsx;2026-09-02
2006;U;M;CIDE;439306879.59;CTB-Resumo.xlsx;2026-09-02
2007;U;M;CIDE;456074129.95;CTB-Resumo.xlsx;2026-09-02
2008;U;M;CIDE;389104362.64;CTB-Resumo.xlsx;2026-09-02
2009;U;M;CIDE;237180477.82;CTB-Resumo.xlsx;2026-09-02
2010;U;M;CIDE;437578324.94;CTB-Resumo.xlsx;2026-09-02
2011;U;M;CIDE;519961219.85;CTB-Resumo.xlsx;2026-09-02
2012;U;M;CIDE;275521932.17;CTB-Resumo.xlsx;2026-09-02
2013;U;M;CIDE;14128833.98;CTB-Resumo.xlsx;2026-09-02
2014;U;M;CIDE;28613759.7;CTB-Resumo.xlsx;2026-09-02
2015;U;M;CIDE;110397174.84;CTB-Resumo.xlsx;2026-09-02
2009;U;M;AFM;1867496416.95;CTB-Resumo.xlsx;2026-09-02
2010;U;M;AFM;516609664.89;CTB-Resumo.xlsx;2026-09-02
2013;U;M;AFM;1500000000.0;CTB-Resumo.xlsx;2026-09-02
2014;U;M;AFM;1500000000.0;CTB-Resumo.xlsx;2026-09-02
2000;U;M;ROYALTIES E PARTICIPAÇÕES;1028767610.04;CTB-Resumo.xlsx;2026-09-02
2001;U;M;ROYALTIES E PARTICIPAÇÕES;1338637060.88;CTB-Resumo.xlsx;2026-09-02
2002;U;M;ROYALTIES E PARTICIPAÇÕES;1800852464.74;CTB-Resumo.xlsx;2026-09-02
2003;U;M;ROYALTIES E PARTICIPAÇÕES;2527641677.91;CTB-Resumo.xlsx;2026-09-02
2004;U;M;ROYALTIES E PARTICIPAÇÕES;2816403510.97;CTB-Resumo.xlsx;2026-09-02
2005;U;M;ROYALTIES E PARTICIPAÇÕES;3454153328.63;CTB-Resumo.xlsx;2026-09-02
2006;U;M;ROYALTIES E PARTICIPAÇÕES;4182477371.63;CTB-Resumo.xlsx;2026-09-02
2007;U;M;ROYALTIES E PARTICIPAÇÕES;3999704341.36;CTB-Resumo.xlsx;2026-09-02
2008;U;M;ROYALTIES E PARTICIPAÇÕES;5616525026.72;CTB-Resumo.xlsx;2026-09-02
2009;U;M;ROYALTIES E PARTICIPAÇÕES;4380148290.73;CTB-Resumo.xlsx;2026-09-02
2010;U;M;ROYALTIES E PARTICIPAÇÕES;5298662321.96;CTB-Resumo.xlsx;2026-09-02
2011;U;M;ROYALTIES E PARTICIPAÇÕES;6453623926.67;CTB-Resumo.xlsx;2026-09-02
2012;U;M;ROYALTIES E PARTICIPAÇÕES;7804588360.22;CTB-Resumo.xlsx;2026-09-02
2013;U;M;ROYALTIES E PARTICIPAÇÕES;7973404695.9;CTB-Resumo.xlsx;2026-09-02
2014;U;M;ROYALTIES E PARTICIPAÇÕES;8917942698.12;CTB-Resumo.xlsx;2026-09-02
2015;U;M;ROYALTIES E PARTICIPAÇÕES;6817512216.09;CTB-Resumo.xlsx;2026-09-02
2000;E;M;ICMS;17587560208.82;CTB-Resumo.xlsx;2026-09-02
2001;E;M;ICMS;19651837784.09;CTB-Resumo.xlsx;2026-09-02
2002;E;M;ICMS;21919145843.64;CTB-Resumo.xlsx;2026-09-02
2003;E;M;ICMS;24953861926.71;CTB-Resumo.xlsx;2026-09-02
2004;E;M;ICMS;29154793340.72;CTB-Resumo.xlsx;2026-09-02
2005;E;M;ICMS;32515400988.08;CTB-Resumo.xlsx;2026-09-02
2006;E;M;ICMS;35217739856.25;CTB-Resumo.xlsx;2026-09-02
2007;E;M;ICMS;38147505593.35;CTB-Resumo.xlsx;2026-09-02
2008;E;M;ICMS;44757849584.14;CTB-Resumo.xlsx;2026-09-02
2009;E;M;ICMS;44253020953.81;CTB-Resumo.xlsx;2026-09-02
2010;E;M;ICMS;51916749695.01;CTB-Resumo.xlsx;2026-09-02
2011;E;M;ICMS;57783179291.81;CTB-Resumo.xlsx;2026-09-02
2012;E;M;ICMS;66385795641.64;CTB-Resumo.xlsx;2026-09-02
2013;E;M;ICMS;69670474260.47;CTB-Resumo.xlsx;2026-09-02
2014;E;M;ICMS;74293105382.27;CTB-Resumo.xlsx;2026-09-02
2015;E;M;ICMS;75956410777.47;CTB-Resumo.xlsx;2026-09-02
2000;E;M;IPVA;2648445500.0;CTB-Resumo.xlsx;2026-09-02
2001;E;M;IPVA;3109155368.0;CTB-Resumo.xlsx;2026-09-02
2002;E;M;IPVA;3472380266.76;CTB-Resumo.xlsx;2026-09-02
2003;E;M;IPVA;3821772752.58;CTB-Resumo.xlsx;2026-09-02
2004;E;M;IPVA;4406470313.36;CTB-Resumo.xlsx;2026-09-02
2005;E;M;IPVA;5193795556.93;CTB-Resumo.xlsx;2026-09-02
2006;E;M;IPVA;6032052579.1;CTB-Resumo.xlsx;2026-09-02
2007;E;M;IPVA;7143106223.74;CTB-Resumo.xlsx;2026-09-02
2008;E;M;IPVA;8314632631.72;CTB-Resumo.xlsx;2026-09-02
2009;E;M;IPVA;10035543890.76;CTB-Resumo.xlsx;2026-09-02
2010;E;M;IPVA;10638761564.67;CTB-Resumo.xlsx;2026-09-02
2011;E;M;IPVA;11969693268.7;CTB-Resumo.xlsx;2026-09-02
2012;E;M;IPVA;13342580164.56;CTB-Resumo.xlsx;2026-09-02
2013;E;M;IPVA;14404838333.35;CTB-Resumo.xlsx;2026-09-02
2014;E;M;IPVA;15635769393.83;CTB-Resumo.xlsx;2026-09-02
2015;E;M;IPVA;17456339443.96;CTB-Resumo.xlsx;2026-09-02
2000;E;M;FPEX;374883890.54;CTB-Resumo.xlsx;2026-09-02
2001;E;M;FPEX;403328305.22;CTB-Resumo.xlsx;2026-09-02
2002;E;M;FPEX;399100549.66;CTB-Resumo.xlsx;2026-09-02
2003;E;M;FPEX;383311579.87;CTB-Resumo.xlsx;2026-09-02
2004;E;M;FPEX;457629879.99;CTB-Resumo.xlsx;2026-09-02
2005;E;M;FPEX;519379041.99;CTB-Resumo.xlsx;2026-09-02
2006;E;M;FPEX;584939677.74;CTB-Resumo.xlsx;2026-09-02
2007;E;M;FPEX;666634885.18;CTB-Resumo.xlsx;2026-09-02
2008;E;M;FPEX;737759216.2;CTB-Resumo.xlsx;2026-09-02
2009;E;M;FPEX;565803167.94;CTB-Resumo.xlsx;2026-09-02
2010;E;M;FPEX;737101712.87;CTB-Resumo.xlsx;2026-09-02
2011;E;M;FPEX;882040363.09;CTB-Resumo.xlsx;2026-09-02
2012;E;M;FPEX;848382245.13;CTB-Resumo.xlsx;2026-09-02
2013;E;M;FPEX;893460016.16;CTB-Resumo.xlsx;2026-09-02
2014;E;M;FPEX;972025350.75;CTB-Resumo.xlsx;2026-09-02
2015;E;M;FPEX;985426932.82;CTB-Resumo.xlsx;2026-09-02
2000;E;M;FUNDEF/FUNDEB;4989684814.96;CTB-Resumo.xlsx;2026-09-02
2001;E;M;FUNDEF/FUNDEB;5931824608.73;CTB-Resumo.xlsx;2026-09-02
2002;E;M;FUNDEF/FUNDEB;7068767065.49;CTB-Resumo.xlsx;2026-09-02
2003;E;M;FUNDEF/FUNDEB;8431509455.74;CTB-Resumo.xlsx;2026-09-02
2004;E;M;FUNDEF/FUNDEB;10083338066.16;CTB-Resumo.xlsx;2026-09-02
2005;E;M;FUNDEF/FUNDEB;11540989821.93;CTB-Resumo.xlsx;2026-09-02
2006;E;M;FUNDEF/FUNDEB;13198232985.1;CTB-Resumo.xlsx;2026-09-02
2007;E;M;FUNDEF/FUNDEB;15647027438.08;CTB-Resumo.xlsx;2026-09-02
2008;E;M;FUNDEF/FUNDEB;17247471900.45;CTB-Resumo.xlsx;2026-09-02
2009;E;M;FUNDEF/FUNDEB;23806821427.14;CTB-Resumo.xlsx;2026-09-02
2010;E;M;FUNDEF/FUNDEB;28761806579.32;CTB-Resumo.xlsx;2026-09-02
2011;E;M;FUNDEF/FUNDEB;32226997084.24;CTB-Resumo.xlsx;2026-09-02
2012;E;M;FUNDEF/FUNDEB;29748783271.88;CTB-Resumo.xlsx;2026-09-02
2013;E;M;FUNDEF/FUNDEB;41413415061.16;CTB-Resumo.xlsx;2026-09-02
2014;E;M;FUNDEF/FUNDEB;44354120768.15;CTB-Resumo.xlsx;2026-09-02
2015;E;M;FUNDEF/FUNDEB;47382725584.12;CTB-Resumo.xlsx;2026-09-02
