ano;base_incidencia;valor_reais;fonte;data_extracao
2000;Bens e Serviços;163182039684.5;CTB-Resumo.xlsx;2026-09-02
2001;Bens e Serviços;186153163764.91;CTB-Resumo.xlsx;2026-09-02
2002;Bens e Serviços;211351490960.08;CTB-Resumo.xlsx;2026-09-02
2003;Bens e Serviços;242660041469.8;CTB-Resumo.xlsx;2026-09-02
2004;Bens e Serviços;292031054572.22;CTB-Resumo.xlsx;2026-09-02
2005;Bens e Serviços;326807225685.79;CTB-Resumo.xlsx;2026-09-02
2006;Bens e Serviços;354001319360.8;CTB-Resumo.xlsx;2026-09-02
2007;Bens e Serviços;393116809764.39;CTB-Resumo.xlsx;2026-09-02
2008;Bens e Serviços;465849644171.77;CTB-Resumo.xlsx;2026-09-02
2009;Bens e Serviços;457252855737.46;CTB-Resumo.xlsx;2026-09-02
2010;Bens e Serviços;553961464040.51;CTB-Resumo.xlsx;2026-09-02
2011;Bens e Serviços;620837849955.22;CTB-Resumo.xlsx;2026-09-02
2012;Bens e Serviços;681167485617.42;CTB-Resumo.xlsx;2026-09-02
2013;Bens e Serviços;740499067353.49;CTB-Resumo.xlsx;2026-09-02
2014;Bens e Serviços;782139228724.79;CTB-Resumo.xlsx;2026-09-02
2015;Bens e Serviços;795547774977.77;CTB-Resumo.xlsx;2026-09-02
2000;Salários e Mão de Obra;85366971160.38;CTB-Resumo.xlsx;2026-09-02
2001;Salários e Mão de Obra;101042773550.99;CTB-Resumo.xlsx;2026-09-02
2002;Salários e Mão de Obra;116004691937.3;CTB-Resumo.xlsx;2026-09-02
2003;Salários e Mão de Obra;133061965182.9;CTB-Resumo.xlsx;2026-09-02
2004;Salários e Mão de Obra;157936403141.28;CTB-Resumo.xlsx;2026-09-02
2005;Salários e Mão de Obra;176076393390.91;CTB-Resumo.xlsx;2026-09-02
2006;Salários e Mão de Obra;198572266314.43;CTB-Resumo.xlsx;2026-09-02
2007;Salários e Mão de Obra;224215682191.8;CTB-Resumo.xlsx;2026-09-02
2008;Salários e Mão de Obra;254972629913.74;CTB-Resumo.xlsx;2026-09-02
2009;Salários e Mão de Obra;284567549855.42;CTB-Resumo.xlsx;2026-09-02
2010;Salários e Mão de Obra;330516140520.37;CTB-Resumo.xlsx;2026-09-02
2011;Salários e Mão de Obra;380840585542.71;CTB-Resumo.xlsx;2026-09-02
2012;Salários e Mão de Obra;425849363468.31;CTB-Resumo.xlsx;2026-09-02
2013;Salários e Mão de Obra;467877290178.01;CTB-Resumo.xlsx;2026-09-02
2014;Salários e Mão de Obra;506849561831.48;CTB-Resumo.xlsx;2026-09-02
2015;Salários e Mão de Obra;527621018081.61;CTB-Resumo.xlsx;2026-09-02
2000;Renda, Lucros e Ganhos;62341953960.42;CTB-Resumo.xlsx;2026-09-02
2001;Renda, Lucros e Ganhos;73970846548.21;CTB-Resumo.xlsx;2026-09-02
2002;Renda, Lucros e Ganhos;95702376484.59;CTB-Resumo.xlsx;2026-09-02
2003;Renda, Lucros e Ganhos;108349936887.18;CTB-Resumo.xlsx;2026-09-02
2004;Renda, Lucros e Ganhos;121861753567.04;CTB-Resumo.xlsx;2026-09-02
2005;Renda, Lucros e Ganhos;150275133798.82;CTB-Resumo.xlsx;2026-09-02
2006;Renda, Lucros e Ganhos;163835982132.23;CTB-Resumo.xlsx;2026-09-02
2007;Renda, Lucros e Ganhos;194367609689.93;CTB-Resumo.xlsx;2026-09-02
2008;Renda, Lucros e Ganhos;235882420288.27;CTB-Resumo.xlsx;2026-09-02
2009;Renda, Lucros e Ganhos;234983287121.02;CTB-Resumo.xlsx;2026-09-02
2010;Renda, Lucros e Ganhos;261023508840.65;CTB-Resumo.xlsx;2026-09-02
2011;Renda, Lucros e Ganhos;317837169042.84;CTB-Resumo.xlsx;2026-09-02
2012;Renda, Lucros e Ganhos;323769823619.33;CTB-Resumo.xlsx;2026-09-02
2013;Renda, Lucros e Ganhos;355207337474.91;CTB-Resumo.xlsx;2026-09-02
2014;Renda, Lucros e Ganhos;384335202501.09;CTB-Resumo.xlsx;2026-09-02
2015;Renda, Lucros e Ganhos;404369123555.6;CTB-Resumo.xlsx;2026-09-02
2000;Patrimônio;12551168744.03;CTB-Resumo.xlsx;2026-09-02
2001;Patrimônio;13994731652.28;CTB-Resumo.xlsx;2026-09-02
2002;Patrimônio;16146408153.82;CTB-Resumo.xlsx;2026-09-02
2003;Patrimônio;18449831518.21;CTB-Resumo.xlsx;2026-09-02
2004;Patrimônio;21038233748.14;CTB-Resumo.xlsx;2026-09-02
2005;Patrimônio;23419013983.94;CTB-Resumo.xlsx;2026-09-02
2006;Patrimônio;26647032325.72;CTB-Resumo.xlsx;2026-09-02
2007;Patrimônio;30881109760.18;CTB-Resumo.xlsx;2026-09-02
2008;Patrimônio;35392213774.49;CTB-Resumo.xlsx;2026-09-02
2009;Patrimônio;40521480528.68;CTB-Resumo.xlsx;2026-09-02
2010;Patrimônio;46199147302.82;CTB-Resumo.xlsx;2026-09-02
2011;Patrimônio;52490074769.29;CTB-Resumo.xlsx;2026-09-02
2012;Patrimônio;58836295320.31;CTB-Resumo.xlsx;2026-09-02
2013;Patrimônio;65561341693.43;CTB-Resumo.xlsx;2026-09-02
2014;Patrimônio;71799442841.11;CTB-Resumo.xlsx;2026-09-02
2015;Patrimônio;80675490866.8;CTB-Resumo.xlsx;2026-09-02
2000;Comércio Exterior;8430744188.07;CTB-Resumo.xlsx;2026-09-02
2001;Comércio Exterior;9096532866.14;CTB-Resumo.xlsx;2026-09-02
2002;Comércio Exterior;7953526930.9;CTB-Resumo.xlsx;2026-09-02
2003;Comércio Exterior;8128298564.71;CTB-Resumo.xlsx;2026-09-02
2004;Comércio Exterior;9215887946.8;CTB-Resumo.xlsx;2026-09-02
2005;Comércio Exterior;8941128664.79;CTB-Resumo.xlsx;2026-09-02
2006;Comércio Exterior;9857135812.51;CTB-Resumo.xlsx;2026-09-02
2007;Comércio Exterior;12216069787.26;CTB-Resumo.xlsx;2026-09-02
2008;Comércio Exterior;17101490331.64;CTB-Resumo.xlsx;2026-09-02
2009;Comércio Exterior;15806918437.59;CTB-Resumo.xlsx;2026-09-02
2010;Comércio Exterior;21080739008.96;CTB-Resumo.xlsx;2026-09-02
2011;Comércio Exterior;26644493091.24;CTB-Resumo.xlsx;2026-09-02
2012;Comércio Exterior;31085492404.93;CTB-Resumo.xlsx;2026-09-02
2013;Comércio Exterior;36709334433.32;CTB-Resumo.xlsx;2026-09-02
2014;Comércio Exterior;36764845972.9;CTB-Resumo.xlsx;2026-09-02
2015;Comércio Exterior;38963128408.58;CTB-Resumo.xlsx;2026-09-02
2000;Taxas;6431255680.78;CTB-Resumo.xlsx;2026-09-02
2001;Taxas;6463703517.67;CTB-Resumo.xlsx;2026-09-02
2002;Taxas;7285854471.86;CTB-Resumo.xlsx;2026-09-02
2003;Taxas;8368642930.02;CTB-Resumo.xlsx;2026-09-02
2004;Taxas;9664192117.73;CTB-Resumo.xlsx;2026-09-02
2005;Taxas;11477986494.61;CTB-Resumo.xlsx;2026-09-02
2006;Taxas;12816188614.55;CTB-Resumo.xlsx;2026-09-02
2007;Taxas;14270019391.28;CTB-Resumo.xlsx;2026-09-02
2008;Taxas;16600049256.67;CTB-Resumo.xlsx;2026-09-02
2009;Taxas;18416049199.98;CTB-Resumo.xlsx;2026-09-02
2010;Taxas;20691292499.43;CTB-Resumo.xlsx;2026-09-02
2011;Taxas;23824453855.03;CTB-Resumo.xlsx;2026-09-02
2012;Taxas;25771625512.97;CTB-Resumo.xlsx;2026-09-02
2013;Taxas;29670247742.83;CTB-Resumo.xlsx;2026-09-02
2014;Taxas;31192601681.5;CTB-Resumo.xlsx;2026-09-02
2015;Taxas;33164643649.51;CTB-Resumo.xlsx;2026-09-02
2000;Transações Financeiras;17487551332.07;CTB-Resumo.xlsx;2026-09-02
2001;Transações Financeiras;20708903747.41;CTB-Resumo.xlsx;2026-09-02
2002;Transações Financeiras;24260084583.97;CTB-Resumo.xlsx;2026-09-02
2003;Transações Financeiras;27402554588.01;CTB-Resumo.xlsx;2026-09-02
2004;Transações Financeiras;31624485167.53;CTB-Resumo.xlsx;2026-09-02
2005;Transações Financeiras;34961094505.13;CTB-Resumo.xlsx;2026-09-02
2006;Transações Financeiras;38672813311.16;CTB-Resumo.xlsx;2026-09-02
2007;Transações Financeiras;44136194842.76;CTB-Resumo.xlsx;2026-09-02
2008;Transações Financeiras;21139190563.33;CTB-Resumo.xlsx;2026-09-02
2009;Transações Financeiras;19137428847.51;CTB-Resumo.xlsx;2026-09-02
2010;Transações Financeiras;26484321561.05;CTB-Resumo.xlsx;2026-09-02
2011;Transações Financeiras;31866925798.96;CTB-Resumo.xlsx;2026-09-02
2012;Transações Financeiras;30736800863.74;CTB-Resumo.xlsx;2026-09-02
2013;Transações Financeiras;29144426632.29;CTB-Resumo.xlsx;2026-09-02
2014;Transações Financeiras;29739886525.4;CTB-Resumo.xlsx;2026-09-02
2015;Transações Financeiras;34680350850.02;CTB-Resumo.xlsx;2026-09-02
2000;Demais;11653460994.53;CTB-Resumo.xlsx;2026-09-02
2001;Demais;10215978879.68;CTB-Resumo.xlsx;2026-09-02
2002;Demais;16720376762.18;CTB-Resumo.xlsx;2026-09-02
2003;Demais;13593596260.11;CTB-Resumo.xlsx;2026-09-02
2004;Demais;14880946758.75;CTB-Resumo.xlsx;2026-09-02
2005;Demais;22226314600.39;CTB-Resumo.xlsx;2026-09-02
2006;Demais;25133028773.54;CTB-Resumo.xlsx;2026-09-02
2007;Demais;27615983095.63;CTB-Resumo.xlsx;2026-09-02
2008;Demais;33948248886.87;CTB-Resumo.xlsx;2026-09-02
2009;Demais;34688164396.16;CTB-Resumo.xlsx;2026-09-02
2010;Demais;31405471734.18;CTB-Resumo.xlsx;2026-09-02
2011;Demais;37262387890.59;CTB-Resumo.xlsx;2026-09-02
2012;Demais;60894253182.0;CTB-Resumo.xlsx;2026-09-02
2013;Demais;67577027827.59;CTB-Resumo.xlsx;2026-09-02
2014;Demais;56960505356.6;CTB-Resumo.xlsx;2026-09-02
2015;Demais;54009465283.47;CTB-Resumo.xlsx;2026-09-02
