"Regiao";"UF";"Ano";"Transferência";"Valor Consolidado"
"Centro-Oeste";"DF";"2016";"FEX";"R$0,00"
"Centro-Oeste";"DF";"2016";"Royalties";"R$985.232,45"
"Centro-Oeste";"DF";"2017";"Royalties";"R$830.664,80"
"Centro-Oeste";"DF";"2018";"Royalties";"R$723.370,94"
"Centro-Oeste";"DF";"2019";"Cessão Onerosa";"R$31.273.576,50"
"Centro-Oeste";"DF";"2019";"Royalties";"R$593.966,96"
"Centro-Oeste";"DF";"2020";"AFM/AFE";"R$49.438.013,42"
"Centro-Oeste";"DF";"2020";"FEX";"R$0,00"
"Centro-Oeste";"DF";"2020";"LC 173/2020 (PFEC)";"R$704.123.564,16"
"Centro-Oeste";"DF";"2020";"LC 176/2020 (ADO25)";"R$12.146.250,00"
"Centro-Oeste";"DF";"2020";"Royalties";"R$2.097.394,21"
"Centro-Oeste";"DF";"2021";"LC 176/2020 (ADO25)";"R$12.146.250,00"
"Centro-Oeste";"DF";"2021";"Royalties";"R$2.907.005,64"
"Centro-Oeste";"DF";"2022";"Cessão Onerosa";"R$21.947.389,10"
"Centro-Oeste";"DF";"2022";"LC 176/2020 (ADO25)";"R$12.146.250,00"
"Centro-Oeste";"DF";"2022";"Royalties";"R$3.408.038,47"
"Centro-Oeste";"DF";"2023";"AFM/AFE";"R$13.094.421,07"
"Centro-Oeste";"DF";"2023";"LC 176/2020 (ADO25)";"R$12.146.250,00"
"Centro-Oeste";"DF";"2023";"LC 201/2023 – COMPENSAÇÃO ICMS";"R$274.537.920,70"
"Centro-Oeste";"DF";"2023";"Royalties";"R$3.230.168,30"
"Centro-Oeste";"DF";"2024";"LC 176/2020 (ADO25)";"R$12.146.250,00"
"Centro-Oeste";"DF";"2024";"Royalties";"R$5.500.205,95"
"Centro-Oeste";"DF";"2025";"LC 176/2020 (ADO25)";"R$12.146.250,00"
"Centro-Oeste";"DF";"2025";"Royalties";"R$4.689.667,26"
"Centro-Oeste";"DF";"2026";"LC 176/2020 (ADO25)";"R$7.085.312,50"
"Centro-Oeste";"DF";"2026";"Royalties";"R$681.287,30"
"Centro-Oeste";"GO";"2016";"FEX";"R$221.887.575,00"
"Centro-Oeste";"GO";"2016";"Royalties";"R$101.787.189,88"
"Centro-Oeste";"GO";"2017";"FEX";"R$123.712.563,37"
"Centro-Oeste";"GO";"2017";"Royalties";"R$85.720.969,72"
"Centro-Oeste";"GO";"2018";"Royalties";"R$83.916.897,87"
"Centro-Oeste";"GO";"2019";"Cessão Onerosa";"R$186.480.361,04"
"Centro-Oeste";"GO";"2019";"Royalties";"R$73.080.302,29"
"Centro-Oeste";"GO";"2020";"AFM/AFE";"R$199.620.911,76"
"Centro-Oeste";"GO";"2020";"FEX";"R$0,00"
"Centro-Oeste";"GO";"2020";"LC 173/2020 (PFEC)";"R$1.332.470.209,00"
"Centro-Oeste";"GO";"2020";"Royalties";"R$80.678.661,08"
"Centro-Oeste";"GO";"2021";"LC 176/2020 (ADO25)";"R$305.491.228,20"
"Centro-Oeste";"GO";"2021";"Royalties";"R$86.545.113,27"
"Centro-Oeste";"GO";"2022";"AFM/AFE";"R$266.921.525,25"
"Centro-Oeste";"GO";"2022";"Cessão Onerosa";"R$209.754.709,63"
"Centro-Oeste";"GO";"2022";"LC 176/2020 (ADO25)";"R$151.311.763,08"
"Centro-Oeste";"GO";"2022";"Royalties";"R$107.449.583,41"
"Centro-Oeste";"GO";"2023";"AFM/AFE";"R$82.375.544,06"
"Centro-Oeste";"GO";"2023";"LC 176/2020 (ADO25)";"R$166.921.094,04"
"Centro-Oeste";"GO";"2023";"LC 201/2023 – COMPENSAÇÃO ICMS";"R$756.562.152,55"
"Centro-Oeste";"GO";"2023";"Royalties";"R$96.781.331,17"
"Centro-Oeste";"GO";"2024";"LC 176/2020 (ADO25)";"R$193.206.917,28"
"Centro-Oeste";"GO";"2024";"Royalties";"R$111.833.292,98"
"Centro-Oeste";"GO";"2025";"LC 176/2020 (ADO25)";"R$178.250.131,68"
"Centro-Oeste";"GO";"2025";"Royalties";"R$117.786.471,04"
"Centro-Oeste";"GO";"2026";"LC 176/2020 (ADO25)";"R$98.903.533,75"
"Centro-Oeste";"GO";"2026";"Royalties";"R$80.955.270,78"
"Centro-Oeste";"MS";"2016";"FEX";"R$127.456.143,75"
"Centro-Oeste";"MS";"2016";"Royalties";"R$50.636.530,46"
"Centro-Oeste";"MS";"2017";"FEX";"R$80.722.617,75"
"Centro-Oeste";"MS";"2017";"Royalties";"R$43.896.807,93"
"Centro-Oeste";"MS";"2018";"Royalties";"R$39.268.719,13"
"Centro-Oeste";"MS";"2019";"Cessão Onerosa";"R$123.156.180,59"
"Centro-Oeste";"MS";"2019";"Royalties";"R$33.658.751,02"
"Centro-Oeste";"MS";"2020";"AFM/AFE";"R$113.476.796,78"
"Centro-Oeste";"MS";"2020";"FEX";"R$0,00"
"Centro-Oeste";"MS";"2020";"LC 173/2020 (PFEC)";"R$722.599.528,06"
"Centro-Oeste";"MS";"2020";"LC 176/2020 (ADO25)";"R$102.042.900,00"
"Centro-Oeste";"MS";"2020";"Royalties";"R$32.496.140,14"
"Centro-Oeste";"MS";"2021";"LC 176/2020 (ADO25)";"R$104.048.567,04"
"Centro-Oeste";"MS";"2021";"Royalties";"R$37.311.934,14"
"Centro-Oeste";"MS";"2022";"AFM/AFE";"R$32.381.758,40"
"Centro-Oeste";"MS";"2022";"Cessão Onerosa";"R$142.765.556,46"
"Centro-Oeste";"MS";"2022";"LC 176/2020 (ADO25)";"R$104.168.408,52"
"Centro-Oeste";"MS";"2022";"Royalties";"R$43.560.376,25"
"Centro-Oeste";"MS";"2023";"AFM/AFE";"R$29.211.558,02"
"Centro-Oeste";"MS";"2023";"LC 176/2020 (ADO25)";"R$97.974.773,88"
"Centro-Oeste";"MS";"2023";"LC 201/2023 – COMPENSAÇÃO ICMS";"R$156.800.000,00"
"Centro-Oeste";"MS";"2023";"Royalties";"R$45.764.455,97"
"Centro-Oeste";"MS";"2024";"LC 176/2020 (ADO25)";"R$121.025.410,20"
"Centro-Oeste";"MS";"2024";"Royalties";"R$44.196.302,06"
"Centro-Oeste";"MS";"2025";"LC 176/2020 (ADO25)";"R$121.207.820,52"
"Centro-Oeste";"MS";"2025";"Royalties";"R$48.841.070,62"
"Centro-Oeste";"MS";"2026";"LC 176/2020 (ADO25)";"R$61.924.017,61"
"Centro-Oeste";"MS";"2026";"Royalties";"R$32.667.673,41"
"Centro-Oeste";"MT";"2016";"FEX";"R$610.556.017,50"
"Centro-Oeste";"MT";"2016";"Royalties";"R$21.273.128,84"
"Centro-Oeste";"MT";"2017";"FEX";"R$374.915.298,76"
"Centro-Oeste";"MT";"2017";"Royalties";"R$33.362.487,05"
"Centro-Oeste";"MT";"2018";"Royalties";"R$39.726.017,19"
"Centro-Oeste";"MT";"2019";"Cessão Onerosa";"R$324.056.158,75"
"Centro-Oeste";"MT";"2019";"Royalties";"R$38.906.839,90"
"Centro-Oeste";"MT";"2020";"AFM/AFE";"R$159.749.725,39"
"Centro-Oeste";"MT";"2020";"FEX";"R$0,00"
"Centro-Oeste";"MT";"2020";"LC 173/2020 (PFEC)";"R$1.485.643.967,09"
"Centro-Oeste";"MT";"2020";"LC 176/2020 (ADO25)";"R$420.252.450,00"
"Centro-Oeste";"MT";"2020";"Royalties";"R$45.744.675,60"
"Centro-Oeste";"MT";"2021";"LC 176/2020 (ADO25)";"R$447.819.383,76"
"Centro-Oeste";"MT";"2021";"Royalties";"R$49.051.711,47"
"Centro-Oeste";"MT";"2022";"AFM/AFE";"R$153.256.393,35"
"Centro-Oeste";"MT";"2022";"Cessão Onerosa";"R$564.576.395,89"
"Centro-Oeste";"MT";"2022";"LC 176/2020 (ADO25)";"R$463.017.193,44"
"Centro-Oeste";"MT";"2022";"Royalties";"R$66.802.840,07"
"Centro-Oeste";"MT";"2023";"AFM/AFE";"R$33.044.125,26"
"Centro-Oeste";"MT";"2023";"LC 176/2020 (ADO25)";"R$461.078.529,60"
"Centro-Oeste";"MT";"2023";"LC 201/2023 – COMPENSAÇÃO ICMS";"R$615.759.029,10"
"Centro-Oeste";"MT";"2023";"Royalties";"R$54.594.406,22"
"Centro-Oeste";"MT";"2024";"LC 176/2020 (ADO25)";"R$520.254.499,08"
"Centro-Oeste";"MT";"2024";"Royalties";"R$54.645.153,07"
"Centro-Oeste";"MT";"2025";"LC 176/2020 (ADO25)";"R$463.210.586,76"
"Centro-Oeste";"MT";"2025";"Royalties";"R$68.820.414,27"
"Centro-Oeste";"MT";"2026";"LC 176/2020 (ADO25)";"R$245.788.747,82"
"Centro-Oeste";"MT";"2026";"Royalties";"R$49.961.494,33"
"Nordeste";"AL";"2016";"FEX";"R$11.595.285,00"
"Nordeste";"AL";"2016";"Royalties";"R$40.332.361,02"
"Nordeste";"AL";"2017";"FEX";"R$4.060.875,55"
"Nordeste";"AL";"2017";"Royalties";"R$40.425.936,15"
"Nordeste";"AL";"2018";"Royalties";"R$47.893.632,36"
"Nordeste";"AL";"2019";"Cessão Onerosa";"R$191.157.987,93"
"Nordeste";"AL";"2019";"Royalties";"R$45.983.505,09"
"Nordeste";"AL";"2020";"AFM/AFE";"R$337.375.768,01"
"Nordeste";"AL";"2020";"FEX";"R$0,00"
"Nordeste";"AL";"2020";"LC 173/2020 (PFEC)";"R$577.671.925,99"
"Nordeste";"AL";"2020";"LC 176/2020 (ADO25)";"R$13.501.500,00"
"Nordeste";"AL";"2020";"Royalties";"R$46.838.424,28"
"Nordeste";"AL";"2021";"LC 176/2020 (ADO25)";"R$16.498.800,72"
"Nordeste";"AL";"2021";"Royalties";"R$61.707.014,84"
"Nordeste";"AL";"2022";"AFM/AFE";"R$12.960.048,00"
"Nordeste";"AL";"2022";"Cessão Onerosa";"R$73.486.014,90"
"Nordeste";"AL";"2022";"LC 176/2020 (ADO25)";"R$13.577.100,12"
"Nordeste";"AL";"2022";"Royalties";"R$100.116.260,57"
"Nordeste";"AL";"2023";"AFM/AFE";"R$94.717.124,05"
"Nordeste";"AL";"2023";"LC 176/2020 (ADO25)";"R$14.516.550,60"
"Nordeste";"AL";"2023";"Royalties";"R$86.295.846,25"
"Nordeste";"AL";"2024";"LC 176/2020 (ADO25)";"R$17.998.500,48"
"Nordeste";"AL";"2024";"Royalties";"R$87.680.264,25"
"Nordeste";"AL";"2025";"LC 176/2020 (ADO25)";"R$20.460.901,56"
"Nordeste";"AL";"2025";"Royalties";"R$103.474.392,54"
"Nordeste";"AL";"2026";"LC 176/2020 (ADO25)";"R$10.217.025,28"
"Nordeste";"AL";"2026";"Royalties";"R$71.593.212,22"
"Nordeste";"BA";"2016";"FEX";"R$99.268.211,25"
"Nordeste";"BA";"2016";"Royalties";"R$199.444.434,98"
"Nordeste";"BA";"2017";"FEX";"R$57.412.916,99"
"Nordeste";"BA";"2017";"Royalties";"R$199.128.849,17"
"Nordeste";"BA";"2018";"Royalties";"R$258.251.755,42"
"Nordeste";"BA";"2019";"Cessão Onerosa";"R$371.775.986,30"
"Nordeste";"BA";"2019";"Royalties";"R$236.943.569,30"
"Nordeste";"BA";"2020";"AFM/AFE";"R$644.490.994,41"
"Nordeste";"BA";"2020";"FEX";"R$0,00"
"Nordeste";"BA";"2020";"LC 173/2020 (PFEC)";"R$2.022.775.633,38"
"Nordeste";"BA";"2020";"Royalties";"R$217.496.164,85"
"Nordeste";"BA";"2021";"LC 176/2020 (ADO25)";"R$248.990.412,24"
"Nordeste";"BA";"2021";"Royalties";"R$317.111.259,65"
"Nordeste";"BA";"2022";"AFM/AFE";"R$84.934.819,85"
"Nordeste";"BA";"2022";"Cessão Onerosa";"R$235.471.053,12"
"Nordeste";"BA";"2022";"LC 176/2020 (ADO25)";"R$118.956.456,36"
"Nordeste";"BA";"2022";"Royalties";"R$405.977.712,71"
"Nordeste";"BA";"2023";"AFM/AFE";"R$146.763.951,57"
"Nordeste";"BA";"2023";"LC 176/2020 (ADO25)";"R$121.002.319,56"
"Nordeste";"BA";"2023";"LC 201/2023 – COMPENSAÇÃO ICMS";"R$592.588.961,02"
"Nordeste";"BA";"2023";"Royalties";"R$294.647.867,78"
"Nordeste";"BA";"2024";"LC 176/2020 (ADO25)";"R$119.285.256,36"
"Nordeste";"BA";"2024";"Royalties";"R$328.677.700,60"
"Nordeste";"BA";"2025";"LC 176/2020 (ADO25)";"R$120.899.413,08"
"Nordeste";"BA";"2025";"Royalties";"R$359.528.831,45"
"Nordeste";"BA";"2026";"LC 176/2020 (ADO25)";"R$80.787.354,83"
"Nordeste";"BA";"2026";"Royalties";"R$233.295.342,35"
"Nordeste";"CE";"2016";"FEX";"R$520.796,25"
"Nordeste";"CE";"2016";"Royalties";"R$23.909.534,39"
"Nordeste";"CE";"2017";"FEX";"R$1.239.095,76"
"Nordeste";"CE";"2017";"Royalties";"R$28.003.174,50"
"Nordeste";"CE";"2018";"Royalties";"R$41.285.899,23"
"Nordeste";"CE";"2019";"Cessão Onerosa";"R$247.094.720,52"
"Nordeste";"CE";"2019";"Royalties";"R$39.625.748,92"
"Nordeste";"CE";"2020";"AFM/AFE";"R$498.933.497,17"
"Nordeste";"CE";"2020";"FEX";"R$0,00"
"Nordeste";"CE";"2020";"LC 173/2020 (PFEC)";"R$1.219.119.888,16"
"Nordeste";"CE";"2020";"LC 176/2020 (ADO25)";"R$43.001.700,00"
"Nordeste";"CE";"2020";"Royalties";"R$33.063.549,84"
"Nordeste";"CE";"2021";"LC 176/2020 (ADO25)";"R$38.633.402,88"
"Nordeste";"CE";"2021";"Royalties";"R$45.775.728,14"
"Nordeste";"CE";"2022";"AFM/AFE";"R$24.908.534,95"
"Nordeste";"CE";"2022";"Cessão Onerosa";"R$108.939.787,91"
"Nordeste";"CE";"2022";"LC 176/2020 (ADO25)";"R$31.500.300,72"
"Nordeste";"CE";"2022";"Royalties";"R$65.238.023,07"
"Nordeste";"CE";"2023";"AFM/AFE";"R$83.072.742,07"
"Nordeste";"CE";"2023";"LC 176/2020 (ADO25)";"R$35.503.203,36"
"Nordeste";"CE";"2023";"LC 201/2023 – COMPENSAÇÃO ICMS";"R$440.688.144,22"
"Nordeste";"CE";"2023";"Royalties";"R$63.764.252,05"
"Nordeste";"CE";"2024";"LC 176/2020 (ADO25)";"R$25.251.600,12"
"Nordeste";"CE";"2024";"Royalties";"R$71.558.593,82"
"Nordeste";"CE";"2025";"LC 176/2020 (ADO25)";"R$24.432.150,00"
"Nordeste";"CE";"2025";"LC 201/2023 – COMPENSAÇÃO ICMS";"R$75.660.422,36"
"Nordeste";"CE";"2025";"Royalties";"R$78.421.870,15"
"Nordeste";"CE";"2026";"LC 176/2020 (ADO25)";"R$15.298.412,57"
"Nordeste";"CE";"2026";"Royalties";"R$54.294.945,26"
"Nordeste";"MA";"2016";"FEX";"R$53.241.142,50"
"Nordeste";"MA";"2016";"Royalties";"R$55.368.915,39"
"Nordeste";"MA";"2017";"FEX";"R$24.465.263,56"
"Nordeste";"MA";"2017";"Royalties";"R$57.625.301,98"
"Nordeste";"MA";"2018";"Royalties";"R$79.727.347,61"
"Nordeste";"MA";"2019";"Cessão Onerosa";"R$274.979.732,32"
"Nordeste";"MA";"2019";"Royalties";"R$54.889.976,32"
"Nordeste";"MA";"2020";"AFM/AFE";"R$507.876.840,52"
"Nordeste";"MA";"2020";"FEX";"R$0,00"
"Nordeste";"MA";"2020";"LC 173/2020 (PFEC)";"R$983.899.555,29"
"Nordeste";"MA";"2020";"LC 176/2020 (ADO25)";"R$56.254.050,00"
"Nordeste";"MA";"2020";"Royalties";"R$68.323.349,27"
"Nordeste";"MA";"2021";"LC 176/2020 (ADO25)";"R$55.569.906,12"
"Nordeste";"MA";"2021";"Royalties";"R$161.545.507,25"
"Nordeste";"MA";"2022";"AFM/AFE";"R$9.942.431,75"
"Nordeste";"MA";"2022";"Cessão Onerosa";"R$143.581.103,32"
"Nordeste";"MA";"2022";"LC 176/2020 (ADO25)";"R$57.402.453,24"
"Nordeste";"MA";"2022";"Royalties";"R$160.241.783,37"
"Nordeste";"MA";"2023";"AFM/AFE";"R$125.363.129,01"
"Nordeste";"MA";"2023";"LC 176/2020 (ADO25)";"R$63.929.261,64"
"Nordeste";"MA";"2023";"Royalties";"R$104.500.064,21"
"Nordeste";"MA";"2024";"LC 176/2020 (ADO25)";"R$70.926.154,56"
"Nordeste";"MA";"2024";"Royalties";"R$116.776.872,77"
"Nordeste";"MA";"2025";"LC 176/2020 (ADO25)";"R$63.361.057,68"
"Nordeste";"MA";"2025";"Royalties";"R$157.695.278,37"
"Nordeste";"MA";"2026";"LC 176/2020 (ADO25)";"R$36.782.552,24"
"Nordeste";"MA";"2026";"Royalties";"R$117.284.632,97"
"Nordeste";"PB";"2016";"FEX";"R$5.042.407,50"
"Nordeste";"PB";"2016";"Royalties";"R$10.131.543,85"
"Nordeste";"PB";"2017";"FEX";"R$1.644.151,68"
"Nordeste";"PB";"2017";"Royalties";"R$13.356.529,12"
"Nordeste";"PB";"2018";"Royalties";"R$18.810.982,12"
"Nordeste";"PB";"2019";"Cessão Onerosa";"R$152.042.690,49"
"Nordeste";"PB";"2019";"Royalties";"R$17.754.570,05"
"Nordeste";"PB";"2020";"AFM/AFE";"R$320.529.458,59"
"Nordeste";"PB";"2020";"FEX";"R$0,00"
"Nordeste";"PB";"2020";"LC 173/2020 (PFEC)";"R$639.144.921,71"
"Nordeste";"PB";"2020";"LC 176/2020 (ADO25)";"R$4.936.500,00"
"Nordeste";"PB";"2020";"Royalties";"R$18.924.117,61"
"Nordeste";"PB";"2021";"LC 176/2020 (ADO25)";"R$4.695.450,12"
"Nordeste";"PB";"2021";"Royalties";"R$29.676.937,81"
"Nordeste";"PB";"2022";"AFM/AFE";"R$24.871.073,80"
"Nordeste";"PB";"2022";"Cessão Onerosa";"R$51.962.680,30"
"Nordeste";"PB";"2022";"LC 176/2020 (ADO25)";"R$4.312.500,00"
"Nordeste";"PB";"2022";"Royalties";"R$46.969.377,29"
"Nordeste";"PB";"2023";"AFM/AFE";"R$93.243.089,95"
"Nordeste";"PB";"2023";"LC 176/2020 (ADO25)";"R$4.312.500,00"
"Nordeste";"PB";"2023";"LC 201/2023 – COMPENSAÇÃO ICMS";"R$369.208.378,63"
"Nordeste";"PB";"2023";"Royalties";"R$41.985.978,95"
"Nordeste";"PB";"2024";"LC 176/2020 (ADO25)";"R$4.312.500,00"
"Nordeste";"PB";"2024";"Royalties";"R$45.377.160,85"
"Nordeste";"PB";"2025";"LC 176/2020 (ADO25)";"R$4.383.450,00"
"Nordeste";"PB";"2025";"Royalties";"R$48.685.223,76"
"Nordeste";"PB";"2026";"LC 176/2020 (ADO25)";"R$2.748.550,00"
"Nordeste";"PB";"2026";"Royalties";"R$35.011.784,36"
"Nordeste";"PE";"2016";"FEX";"R$2.310.018,75"
"Nordeste";"PE";"2016";"Royalties";"R$16.190.545,47"
"Nordeste";"PE";"2017";"FEX";"R$50.435,00"
"Nordeste";"PE";"2017";"Royalties";"R$18.946.008,64"
"Nordeste";"PE";"2018";"Royalties";"R$26.911.880,07"
"Nordeste";"PE";"2019";"Cessão Onerosa";"R$247.793.369,83"
"Nordeste";"PE";"2019";"Royalties";"R$28.255.679,58"
"Nordeste";"PE";"2020";"AFM/AFE";"R$486.704.734,56"
"Nordeste";"PE";"2020";"FEX";"R$0,00"
"Nordeste";"PE";"2020";"LC 173/2020 (PFEC)";"R$1.340.782.687,90"
"Nordeste";"PE";"2020";"LC 176/2020 (ADO25)";"R$23.186.400,00"
"Nordeste";"PE";"2020";"Royalties";"R$32.415.376,09"
"Nordeste";"PE";"2021";"LC 176/2020 (ADO25)";"R$23.412.900,24"
"Nordeste";"PE";"2021";"Royalties";"R$46.767.202,12"
"Nordeste";"PE";"2022";"AFM/AFE";"R$45.422.873,35"
"Nordeste";"PE";"2022";"Cessão Onerosa";"R$99.943.193,90"
"Nordeste";"PE";"2022";"LC 176/2020 (ADO25)";"R$22.284.750,00"
"Nordeste";"PE";"2022";"Royalties";"R$73.818.679,77"
"Nordeste";"PE";"2023";"AFM/AFE";"R$122.753.052,12"
"Nordeste";"PE";"2023";"LC 176/2020 (ADO25)";"R$22.284.750,00"
"Nordeste";"PE";"2023";"Royalties";"R$68.843.770,77"
"Nordeste";"PE";"2024";"LC 176/2020 (ADO25)";"R$22.284.750,00"
"Nordeste";"PE";"2024";"Royalties";"R$74.717.397,54"
"Nordeste";"PE";"2025";"LC 176/2020 (ADO25)";"R$22.284.750,00"
"Nordeste";"PE";"2025";"Royalties";"R$80.183.150,54"
"Nordeste";"PE";"2026";"LC 176/2020 (ADO25)";"R$13.357.662,57"
"Nordeste";"PE";"2026";"Royalties";"R$53.667.463,04"
"Nordeste";"PI";"2016";"FEX";"R$9.424.496,25"
"Nordeste";"PI";"2016";"Royalties";"R$9.707.324,73"
"Nordeste";"PI";"2017";"FEX";"R$7.445.750,44"
"Nordeste";"PI";"2017";"Royalties";"R$12.044.571,89"
"Nordeste";"PI";"2018";"Royalties";"R$17.954.976,06"
"Nordeste";"PI";"2019";"Cessão Onerosa";"R$169.797.198,37"
"Nordeste";"PI";"2019";"Royalties";"R$18.438.120,21"
"Nordeste";"PI";"2020";"AFM/AFE";"R$322.571.572,39"
"Nordeste";"PI";"2020";"FEX";"R$0,00"
"Nordeste";"PI";"2020";"LC 173/2020 (PFEC)";"R$544.073.149,33"
"Nordeste";"PI";"2020";"LC 176/2020 (ADO25)";"R$18.811.200,00"
"Nordeste";"PI";"2020";"Royalties";"R$18.397.131,46"
"Nordeste";"PI";"2021";"LC 176/2020 (ADO25)";"R$18.218.702,76"
"Nordeste";"PI";"2021";"Royalties";"R$29.483.752,25"
"Nordeste";"PI";"2022";"AFM/AFE";"R$15.278.401,25"
"Nordeste";"PI";"2022";"Cessão Onerosa";"R$72.342.594,66"
"Nordeste";"PI";"2022";"LC 176/2020 (ADO25)";"R$19.128.151,44"
"Nordeste";"PI";"2022";"Royalties";"R$44.915.265,27"
"Nordeste";"PI";"2023";"AFM/AFE";"R$88.825.168,64"
"Nordeste";"PI";"2023";"LC 176/2020 (ADO25)";"R$24.178.505,88"
"Nordeste";"PI";"2023";"Royalties";"R$40.655.975,00"
"Nordeste";"PI";"2024";"LC 176/2020 (ADO25)";"R$31.717.802,76"
"Nordeste";"PI";"2024";"Royalties";"R$42.755.931,90"
"Nordeste";"PI";"2025";"LC 176/2020 (ADO25)";"R$26.527.054,44"
"Nordeste";"PI";"2025";"Royalties";"R$44.273.005,27"
"Nordeste";"PI";"2026";"LC 176/2020 (ADO25)";"R$15.378.126,26"
"Nordeste";"PI";"2026";"Royalties";"R$33.720.204,07"
"Nordeste";"RN";"2016";"FEX";"R$13.113.213,75"
"Nordeste";"RN";"2016";"Royalties";"R$140.281.666,47"
"Nordeste";"RN";"2017";"FEX";"R$6.411.833,35"
"Nordeste";"RN";"2017";"Royalties";"R$149.627.977,68"
"Nordeste";"RN";"2018";"Royalties";"R$201.137.968,26"
"Nordeste";"RN";"2019";"Cessão Onerosa";"R$160.379.384,30"
"Nordeste";"RN";"2019";"Royalties";"R$190.272.399,03"
"Nordeste";"RN";"2020";"AFM/AFE";"R$308.650.100,91"
"Nordeste";"RN";"2020";"FEX";"R$0,00"
"Nordeste";"RN";"2020";"LC 173/2020 (PFEC)";"R$587.462.819,99"
"Nordeste";"RN";"2020";"LC 176/2020 (ADO25)";"R$10.469.550,00"
"Nordeste";"RN";"2020";"Royalties";"R$147.868.034,11"
"Nordeste";"RN";"2021";"LC 176/2020 (ADO25)";"R$10.223.850,96"
"Nordeste";"RN";"2021";"Royalties";"R$255.610.633,51"
"Nordeste";"RN";"2022";"AFM/AFE";"R$13.931.164,40"
"Nordeste";"RN";"2022";"Cessão Onerosa";"R$58.853.100,52"
"Nordeste";"RN";"2022";"LC 176/2020 (ADO25)";"R$8.590.200,36"
"Nordeste";"RN";"2022";"Royalties";"R$354.483.305,69"
"Nordeste";"RN";"2023";"AFM/AFE";"R$87.620.916,61"
"Nordeste";"RN";"2023";"LC 176/2020 (ADO25)";"R$8.826.600,96"
"Nordeste";"RN";"2023";"LC 201/2023 – COMPENSAÇÃO ICMS";"R$193.099.165,36"
"Nordeste";"RN";"2023";"Royalties";"R$283.170.517,02"
"Nordeste";"RN";"2024";"LC 176/2020 (ADO25)";"R$8.173.500,24"
"Nordeste";"RN";"2024";"Royalties";"R$282.099.748,77"
"Nordeste";"RN";"2025";"LC 176/2020 (ADO25)";"R$7.673.400,48"
"Nordeste";"RN";"2025";"Royalties";"R$281.639.207,69"
"Nordeste";"RN";"2026";"LC 176/2020 (ADO25)";"R$5.763.537,78"
"Nordeste";"RN";"2026";"Royalties";"R$156.705.814,03"
"Nordeste";"SE";"2016";"FEX";"R$6.211.237,50"
"Nordeste";"SE";"2016";"Royalties";"R$86.323.586,14"
"Nordeste";"SE";"2017";"FEX";"R$3.907.134,83"
"Nordeste";"SE";"2017";"Royalties";"R$86.247.896,76"
"Nordeste";"SE";"2018";"Royalties";"R$102.915.987,92"
"Nordeste";"SE";"2019";"Cessão Onerosa";"R$145.225.039,08"
"Nordeste";"SE";"2019";"Royalties";"R$85.839.056,47"
"Nordeste";"SE";"2020";"AFM/AFE";"R$293.330.142,98"
"Nordeste";"SE";"2020";"FEX";"R$0,00"
"Nordeste";"SE";"2020";"LC 173/2020 (PFEC)";"R$481.386.168,62"
"Nordeste";"SE";"2020";"LC 176/2020 (ADO25)";"R$3.872.400,00"
"Nordeste";"SE";"2020";"Royalties";"R$71.170.282,12"
"Nordeste";"SE";"2021";"LC 176/2020 (ADO25)";"R$3.757.350,00"
"Nordeste";"SE";"2021";"Royalties";"R$87.666.037,52"
"Nordeste";"SE";"2022";"AFM/AFE";"R$6.678.664,40"
"Nordeste";"SE";"2022";"Cessão Onerosa";"R$49.270.878,30"
"Nordeste";"SE";"2022";"LC 176/2020 (ADO25)";"R$3.757.350,00"
"Nordeste";"SE";"2022";"Royalties";"R$85.037.211,76"
"Nordeste";"SE";"2023";"AFM/AFE";"R$50.096.626,47"
"Nordeste";"SE";"2023";"LC 176/2020 (ADO25)";"R$3.757.350,00"
"Nordeste";"SE";"2023";"LC 201/2023 – COMPENSAÇÃO ICMS";"R$65.150.000,00"
"Nordeste";"SE";"2023";"Royalties";"R$90.111.734,91"
"Nordeste";"SE";"2024";"LC 176/2020 (ADO25)";"R$3.757.350,00"
"Nordeste";"SE";"2024";"Royalties";"R$119.447.231,70"
"Nordeste";"SE";"2025";"LC 176/2020 (ADO25)";"R$3.757.350,00"
"Nordeste";"SE";"2025";"Royalties";"R$133.249.795,87"
"Nordeste";"SE";"2026";"LC 176/2020 (ADO25)";"R$2.636.550,07"
"Nordeste";"SE";"2026";"Royalties";"R$94.528.835,61"
"Norte";"AC";"2016";"FEX";"R$2.211.007,50"
"Norte";"AC";"2016";"Royalties";"R$7.684.476,40"
"Norte";"AC";"2017";"FEX";"R$319.517,05"
"Norte";"AC";"2017";"Royalties";"R$9.762.398,74"
"Norte";"AC";"2018";"Royalties";"R$15.510.476,52"
"Norte";"AC";"2019";"Cessão Onerosa";"R$150.562.215,09"
"Norte";"AC";"2019";"Royalties";"R$16.161.568,48"
"Norte";"AC";"2020";"AFM/AFE";"R$279.904.541,20"
"Norte";"AC";"2020";"FEX";"R$0,00"
"Norte";"AC";"2020";"LC 173/2020 (PFEC)";"R$371.181.196,49"
"Norte";"AC";"2020";"Royalties";"R$15.034.846,52"
"Norte";"AC";"2021";"LC 176/2020 (ADO25)";"R$3.329.400,00"
"Norte";"AC";"2021";"Royalties";"R$25.278.552,78"
"Norte";"AC";"2022";"AFM/AFE";"R$1.261.958,60"
"Norte";"AC";"2022";"Cessão Onerosa";"R$48.551.799,30"
"Norte";"AC";"2022";"LC 176/2020 (ADO25)";"R$1.365.600,00"
"Norte";"AC";"2022";"Royalties";"R$38.832.525,25"
"Norte";"AC";"2023";"AFM/AFE";"R$77.893.622,85"
"Norte";"AC";"2023";"LC 176/2020 (ADO25)";"R$1.365.600,00"
"Norte";"AC";"2023";"LC 201/2023 – COMPENSAÇÃO ICMS";"R$30.000.000,00"
"Norte";"AC";"2023";"Royalties";"R$35.197.338,04"
"Norte";"AC";"2024";"LC 176/2020 (ADO25)";"R$1.365.600,00"
"Norte";"AC";"2024";"Royalties";"R$40.149.152,21"
"Norte";"AC";"2025";"LC 176/2020 (ADO25)";"R$2.008.950,12"
"Norte";"AC";"2025";"Royalties";"R$45.783.269,27"
"Norte";"AC";"2026";"LC 176/2020 (ADO25)";"R$1.480.325,07"
"Norte";"AC";"2026";"Royalties";"R$31.947.501,05"
"Norte";"AM";"2016";"FEX";"R$25.804.057,50"
"Norte";"AM";"2016";"Royalties";"R$261.565.528,14"
"Norte";"AM";"2017";"FEX";"R$9.535.936,46"
"Norte";"AM";"2017";"Royalties";"R$191.807.089,79"
"Norte";"AM";"2018";"Royalties";"R$287.787.797,64"
"Norte";"AM";"2019";"Cessão Onerosa";"R$175.110.736,53"
"Norte";"AM";"2019";"Royalties";"R$350.149.243,67"
"Norte";"AM";"2020";"AFM/AFE";"R$264.136.286,92"
"Norte";"AM";"2020";"FEX";"R$0,00"
"Norte";"AM";"2020";"LC 173/2020 (PFEC)";"R$893.884.088,36"
"Norte";"AM";"2020";"Royalties";"R$230.817.886,70"
"Norte";"AM";"2021";"LC 176/2020 (ADO25)";"R$41.979.001,08"
"Norte";"AM";"2021";"Royalties";"R$419.491.391,69"
"Norte";"AM";"2022";"AFM/AFE";"R$23.682.564,40"
"Norte";"AM";"2022";"Cessão Onerosa";"R$71.121.856,21"
"Norte";"AM";"2022";"LC 176/2020 (ADO25)";"R$16.242.150,12"
"Norte";"AM";"2022";"Royalties";"R$571.687.382,95"
"Norte";"AM";"2023";"AFM/AFE";"R$88.124.135,34"
"Norte";"AM";"2023";"LC 176/2020 (ADO25)";"R$16.467.600,36"
"Norte";"AM";"2023";"LC 201/2023 – COMPENSAÇÃO ICMS";"R$88.849.208,18"
"Norte";"AM";"2023";"Royalties";"R$357.588.428,28"
"Norte";"AM";"2024";"LC 176/2020 (ADO25)";"R$16.035.000,12"
"Norte";"AM";"2024";"Royalties";"R$340.514.616,46"
"Norte";"AM";"2025";"LC 176/2020 (ADO25)";"R$15.118.200,00"
"Norte";"AM";"2025";"Royalties";"R$376.647.003,19"
"Norte";"AM";"2026";"LC 176/2020 (ADO25)";"R$10.010.000,14"
"Norte";"AM";"2026";"Royalties";"R$241.016.717,47"
"Norte";"AP";"2016";"FEX";"R$0,00"
"Norte";"AP";"2016";"Royalties";"R$16.756.891,18"
"Norte";"AP";"2017";"Royalties";"R$16.652.462,76"
"Norte";"AP";"2018";"Royalties";"R$21.554.246,80"
"Norte";"AP";"2019";"Cessão Onerosa";"R$129.356.582,20"
"Norte";"AP";"2019";"Royalties";"R$23.218.273,23"
"Norte";"AP";"2020";"AFM/AFE";"R$247.530.162,61"
"Norte";"AP";"2020";"FEX";"R$0,00"
"Norte";"AP";"2020";"LC 173/2020 (PFEC)";"R$454.655.069,68"
"Norte";"AP";"2020";"LC 176/2020 (ADO25)";"R$6.097.200,00"
"Norte";"AP";"2020";"Royalties";"R$25.028.550,89"
"Norte";"AP";"2021";"LC 176/2020 (ADO25)";"R$6.097.200,00"
"Norte";"AP";"2021";"Royalties";"R$33.998.683,20"
"Norte";"AP";"2022";"Cessão Onerosa";"R$46.637.553,80"
"Norte";"AP";"2022";"LC 176/2020 (ADO25)";"R$6.097.200,00"
"Norte";"AP";"2022";"Royalties";"R$48.392.147,02"
"Norte";"AP";"2023";"AFM/AFE";"R$77.409.745,72"
"Norte";"AP";"2023";"LC 176/2020 (ADO25)";"R$6.097.200,00"
"Norte";"AP";"2023";"LC 201/2023 – COMPENSAÇÃO ICMS";"R$33.952.529,14"
"Norte";"AP";"2023";"Royalties";"R$42.121.484,28"
"Norte";"AP";"2024";"LC 176/2020 (ADO25)";"R$6.097.200,00"
"Norte";"AP";"2024";"Royalties";"R$41.819.112,77"
"Norte";"AP";"2025";"LC 176/2020 (ADO25)";"R$6.097.200,00"
"Norte";"AP";"2025";"Royalties";"R$38.186.361,53"
"Norte";"AP";"2026";"LC 176/2020 (ADO25)";"R$3.556.700,00"
"Norte";"AP";"2026";"Royalties";"R$31.284.892,04"
"Norte";"PA";"2016";"FEX";"R$281.763.933,75"
"Norte";"PA";"2016";"Royalties";"R$197.738.270,39"
"Norte";"PA";"2017";"FEX";"R$106.236.986,20"
"Norte";"PA";"2017";"Royalties";"R$251.789.334,00"
"Norte";"PA";"2018";"Royalties";"R$360.568.841,75"
"Norte";"PA";"2019";"Cessão Onerosa";"R$343.897.194,99"
"Norte";"PA";"2019";"Royalties";"R$442.263.252,15"
"Norte";"PA";"2020";"AFM/AFE";"R$468.496.474,50"
"Norte";"PA";"2020";"FEX";"R$0,00"
"Norte";"PA";"2020";"LC 173/2020 (PFEC)";"R$1.382.236.178,15"
"Norte";"PA";"2020";"LC 176/2020 (ADO25)";"R$234.220.500,00"
"Norte";"PA";"2020";"Royalties";"R$559.465.129,33"
"Norte";"PA";"2021";"LC 176/2020 (ADO25)";"R$268.187.890,56"
"Norte";"PA";"2021";"Royalties";"R$837.627.038,30"
"Norte";"PA";"2022";"AFM/AFE";"R$8.186.772,80"
"Norte";"PA";"2022";"Cessão Onerosa";"R$422.487.758,33"
"Norte";"PA";"2022";"LC 176/2020 (ADO25)";"R$314.710.374,96"
"Norte";"PA";"2022";"Royalties";"R$630.486.372,50"
"Norte";"PA";"2023";"AFM/AFE";"R$123.098.604,20"
"Norte";"PA";"2023";"LC 176/2020 (ADO25)";"R$260.065.408,44"
"Norte";"PA";"2023";"LC 201/2023 – COMPENSAÇÃO ICMS";"R$612.303.592,69"
"Norte";"PA";"2023";"Royalties";"R$548.884.624,29"
"Norte";"PA";"2024";"LC 176/2020 (ADO25)";"R$217.578.915,24"
"Norte";"PA";"2024";"Royalties";"R$588.011.789,89"
"Norte";"PA";"2025";"LC 176/2020 (ADO25)";"R$227.511.032,40"
"Norte";"PA";"2025";"LC 201/2023 – COMPENSAÇÃO ICMS";"R$135.050.671,64"
"Norte";"PA";"2025";"Royalties";"R$627.849.565,33"
"Norte";"PA";"2026";"LC 176/2020 (ADO25)";"R$125.696.033,75"
"Norte";"PA";"2026";"Royalties";"R$433.963.141,58"
"Norte";"RO";"2016";"FEX";"R$42.861.195,00"
"Norte";"RO";"2016";"Royalties";"R$63.268.438,37"
"Norte";"RO";"2017";"FEX";"R$19.511.602,91"
"Norte";"RO";"2017";"Royalties";"R$74.917.215,81"
"Norte";"RO";"2018";"Royalties";"R$74.018.712,70"
"Norte";"RO";"2019";"Cessão Onerosa";"R$135.117.817,55"
"Norte";"RO";"2019";"Royalties";"R$59.616.812,51"
"Norte";"RO";"2020";"AFM/AFE";"R$229.487.599,12"
"Norte";"RO";"2020";"FEX";"R$0,00"
"Norte";"RO";"2020";"LC 173/2020 (PFEC)";"R$486.519.549,59"
"Norte";"RO";"2020";"LC 176/2020 (ADO25)";"R$26.960.550,00"
"Norte";"RO";"2020";"Royalties";"R$59.553.200,35"
"Norte";"RO";"2021";"LC 176/2020 (ADO25)";"R$26.230.954,44"
"Norte";"RO";"2021";"Royalties";"R$65.285.524,73"
"Norte";"RO";"2022";"Cessão Onerosa";"R$69.956.577,39"
"Norte";"RO";"2022";"LC 176/2020 (ADO25)";"R$27.610.652,40"
"Norte";"RO";"2022";"Royalties";"R$80.905.135,04"
"Norte";"RO";"2023";"AFM/AFE";"R$12.353.498,10"
"Norte";"RO";"2023";"LC 176/2020 (ADO25)";"R$31.740.608,40"
"Norte";"RO";"2023";"LC 201/2023 – COMPENSAÇÃO ICMS";"R$181.870.000,00"
"Norte";"RO";"2023";"Royalties";"R$71.083.105,16"
"Norte";"RO";"2024";"LC 176/2020 (ADO25)";"R$34.772.253,12"
"Norte";"RO";"2024";"Royalties";"R$73.282.793,57"
"Norte";"RO";"2025";"LC 176/2020 (ADO25)";"R$33.121.655,88"
"Norte";"RO";"2025";"Royalties";"R$91.767.726,80"
"Norte";"RO";"2026";"LC 176/2020 (ADO25)";"R$22.159.639,53"
"Norte";"RO";"2026";"Royalties";"R$72.187.016,56"
"Norte";"RR";"2016";"FEX";"R$564.378,75"
"Norte";"RR";"2016";"Royalties";"R$5.384.388,38"
"Norte";"RR";"2017";"FEX";"R$153.454,18"
"Norte";"RR";"2017";"Royalties";"R$5.900.424,04"
"Norte";"RR";"2018";"Royalties";"R$9.599.525,03"
"Norte";"RR";"2019";"Cessão Onerosa";"R$110.373.261,97"
"Norte";"RR";"2019";"Royalties";"R$11.913.851,55"
"Norte";"RR";"2020";"AFM/AFE";"R$207.489.441,50"
"Norte";"RR";"2020";"FEX";"R$0,00"
"Norte";"RR";"2020";"LC 173/2020 (PFEC)";"R$418.760.730,78"
"Norte";"RR";"2020";"Royalties";"R$9.629.939,99"
"Norte";"RR";"2021";"LC 176/2020 (ADO25)";"R$4.102.500,48"
"Norte";"RR";"2021";"Royalties";"R$22.303.522,86"
"Norte";"RR";"2022";"AFM/AFE";"R$464.217,95"
"Norte";"RR";"2022";"Cessão Onerosa";"R$37.496.481,32"
"Norte";"RR";"2022";"LC 176/2020 (ADO25)";"R$2.905.500,24"
"Norte";"RR";"2022";"Royalties";"R$36.894.806,78"
"Norte";"RR";"2023";"AFM/AFE";"R$93.623.268,94"
"Norte";"RR";"2023";"LC 176/2020 (ADO25)";"R$3.576.900,96"
"Norte";"RR";"2023";"LC 201/2023 – COMPENSAÇÃO ICMS";"R$77.002.806,86"
"Norte";"RR";"2023";"Royalties";"R$32.658.167,93"
"Norte";"RR";"2024";"LC 176/2020 (ADO25)";"R$3.872.250,36"
"Norte";"RR";"2024";"Royalties";"R$36.811.873,34"
"Norte";"RR";"2025";"LC 176/2020 (ADO25)";"R$3.767.250,60"
"Norte";"RR";"2025";"Royalties";"R$39.294.213,65"
"Norte";"RR";"2026";"LC 176/2020 (ADO25)";"R$1.819.650,14"
"Norte";"RR";"2026";"Royalties";"R$29.019.704,47"
"Norte";"TO";"2016";"FEX";"R$43.918.582,50"
"Norte";"TO";"2016";"Royalties";"R$23.062.625,73"
"Norte";"TO";"2017";"FEX";"R$21.994.952,53"
"Norte";"TO";"2017";"Royalties";"R$20.959.666,15"
"Norte";"TO";"2018";"Royalties";"R$27.021.777,25"
"Norte";"TO";"2019";"Cessão Onerosa";"R$139.845.919,23"
"Norte";"TO";"2019";"Royalties";"R$22.546.210,59"
"Norte";"TO";"2020";"AFM/AFE";"R$284.728.263,91"
"Norte";"TO";"2020";"FEX";"R$0,00"
"Norte";"TO";"2020";"LC 173/2020 (PFEC)";"R$428.579.470,84"
"Norte";"TO";"2020";"LC 176/2020 (ADO25)";"R$29.929.200,00"
"Norte";"TO";"2020";"Royalties";"R$23.036.586,22"
"Norte";"TO";"2021";"LC 176/2020 (ADO25)";"R$34.827.156,72"
"Norte";"TO";"2021";"Royalties";"R$32.887.947,69"
"Norte";"TO";"2022";"AFM/AFE";"R$5.679.770,75"
"Norte";"TO";"2022";"Cessão Onerosa";"R$77.993.515,40"
"Norte";"TO";"2022";"LC 176/2020 (ADO25)";"R$34.165.803,24"
"Norte";"TO";"2022";"Royalties";"R$45.630.320,20"
"Norte";"TO";"2023";"AFM/AFE";"R$60.583.859,00"
"Norte";"TO";"2023";"LC 176/2020 (ADO25)";"R$42.253.062,36"
"Norte";"TO";"2023";"LC 201/2023 – COMPENSAÇÃO ICMS";"R$144.723.627,33"
"Norte";"TO";"2023";"Royalties";"R$43.901.316,30"
"Norte";"TO";"2024";"LC 176/2020 (ADO25)";"R$50.000.704,92"
"Norte";"TO";"2024";"Royalties";"R$43.601.023,33"
"Norte";"TO";"2025";"LC 176/2020 (ADO25)";"R$42.642.608,28"
"Norte";"TO";"2025";"Royalties";"R$45.901.159,01"
"Norte";"TO";"2026";"LC 176/2020 (ADO25)";"R$23.555.877,31"
"Norte";"TO";"2026";"Royalties";"R$34.101.567,62"
"Sudeste";"ES";"2016";"FEX";"R$185.284.125,00"
"Sudeste";"ES";"2016";"Royalties";"R$978.767.309,09"
"Sudeste";"ES";"2017";"FEX";"R$58.109.120,31"
"Sudeste";"ES";"2017";"Royalties";"R$1.349.662.111,36"
"Sudeste";"ES";"2018";"Royalties";"R$1.989.240.500,84"
"Sudeste";"ES";"2019";"Cessão Onerosa";"R$161.580.471,06"
"Sudeste";"ES";"2019";"Royalties";"R$2.748.203.880,67"
"Sudeste";"ES";"2020";"AFM/AFE";"R$145.316.278,54"
"Sudeste";"ES";"2020";"FEX";"R$0,00"
"Sudeste";"ES";"2020";"LC 173/2020 (PFEC)";"R$908.461.945,87"
"Sudeste";"ES";"2020";"Royalties";"R$1.540.165.990,44"
"Sudeste";"ES";"2021";"LC 176/2020 (ADO25)";"R$200.089.504,08"
"Sudeste";"ES";"2021";"Royalties";"R$2.274.841.410,23"
"Sudeste";"ES";"2022";"AFM/AFE";"R$9.914.229,05"
"Sudeste";"ES";"2022";"Cessão Onerosa";"R$139.868.923,33"
"Sudeste";"ES";"2022";"LC 176/2020 (ADO25)";"R$89.229.602,52"
"Sudeste";"ES";"2022";"Royalties";"R$2.112.228.138,76"
"Sudeste";"ES";"2023";"AFM/AFE";"R$35.975.258,35"
"Sudeste";"ES";"2023";"LC 176/2020 (ADO25)";"R$101.214.161,16"
"Sudeste";"ES";"2023";"LC 201/2023 – COMPENSAÇÃO ICMS";"R$398.025.941,41"
"Sudeste";"ES";"2023";"Royalties";"R$1.314.599.674,45"
"Sudeste";"ES";"2024";"LC 176/2020 (ADO25)";"R$80.134.501,56"
"Sudeste";"ES";"2024";"Royalties";"R$1.565.605.335,70"
"Sudeste";"ES";"2025";"LC 176/2020 (ADO25)";"R$100.942.657,44"
"Sudeste";"ES";"2025";"LC 201/2023 – COMPENSAÇÃO ICMS";"R$63.444.170,72"
"Sudeste";"ES";"2025";"Royalties";"R$1.440.265.607,55"
"Sudeste";"ES";"2026";"LC 176/2020 (ADO25)";"R$60.266.327,31"
"Sudeste";"ES";"2026";"Royalties";"R$1.763.445.449,05"
"Sudeste";"MG";"2016";"FEX";"R$509.086.890,00"
"Sudeste";"MG";"2016";"Royalties";"R$348.626.875,65"
"Sudeste";"MG";"2017";"FEX";"R$191.857.671,51"
"Sudeste";"MG";"2017";"Royalties";"R$313.915.372,36"
"Sudeste";"MG";"2018";"Royalties";"R$378.490.804,05"
"Sudeste";"MG";"2019";"Cessão Onerosa";"R$413.484.515,01"
"Sudeste";"MG";"2019";"Royalties";"R$408.039.609,95"
"Sudeste";"MG";"2020";"AFM/AFE";"R$345.239.529,74"
"Sudeste";"MG";"2020";"FEX";"R$0,00"
"Sudeste";"MG";"2020";"LC 173/2020 (PFEC)";"R$3.447.098.128,54"
"Sudeste";"MG";"2020";"LC 176/2020 (ADO25)";"R$397.665.450,00"
"Sudeste";"MG";"2020";"Royalties";"R$475.061.971,13"
"Sudeste";"MG";"2021";"LC 176/2020 (ADO25)";"R$390.531.339,36"
"Sudeste";"MG";"2021";"Royalties";"R$793.293.118,66"
"Sudeste";"MG";"2022";"AFM/AFE";"R$424.333.524,65"
"Sudeste";"MG";"2022";"Cessão Onerosa";"R$568.393.374,52"
"Sudeste";"MG";"2022";"LC 176/2020 (ADO25)";"R$438.807.324,48"
"Sudeste";"MG";"2022";"Royalties";"R$642.198.732,79"
"Sudeste";"MG";"2023";"AFM/AFE";"R$115.966.726,14"
"Sudeste";"MG";"2023";"LC 176/2020 (ADO25)";"R$439.358.023,68"
"Sudeste";"MG";"2023";"Royalties";"R$613.784.008,66"
"Sudeste";"MG";"2024";"LC 176/2020 (ADO25)";"R$397.518.620,40"
"Sudeste";"MG";"2024";"Royalties";"R$664.955.140,98"
"Sudeste";"MG";"2025";"LC 176/2020 (ADO25)";"R$418.250.594,88"
"Sudeste";"MG";"2025";"Royalties";"R$673.518.789,22"
"Sudeste";"MG";"2026";"LC 176/2020 (ADO25)";"R$264.068.452,55"
"Sudeste";"MG";"2026";"Royalties";"R$462.913.872,34"
"Sudeste";"RJ";"2016";"FEX";"R$154.725.187,50"
"Sudeste";"RJ";"2016";"Royalties";"R$3.509.932.658,01"
"Sudeste";"RJ";"2017";"FEX";"R$55.974.660,39"
"Sudeste";"RJ";"2017";"Royalties";"R$7.148.281.280,76"
"Sudeste";"RJ";"2018";"Royalties";"R$13.348.909.578,93"
"Sudeste";"RJ";"2019";"Cessão Onerosa";"R$1.153.203.780,30"
"Sudeste";"RJ";"2019";"Royalties";"R$13.477.336.955,59"
"Sudeste";"RJ";"2020";"AFM/AFE";"R$176.889.234,11"
"Sudeste";"RJ";"2020";"FEX";"R$0,00"
"Sudeste";"RJ";"2020";"LC 173/2020 (PFEC)";"R$2.419.247.557,00"
"Sudeste";"RJ";"2020";"LC 176/2020 (ADO25)";"R$87.975.450,00"
"Sudeste";"RJ";"2020";"Royalties";"R$11.818.304.293,73"
"Sudeste";"RJ";"2021";"LC 176/2020 (ADO25)";"R$87.975.450,00"
"Sudeste";"RJ";"2021";"Royalties";"R$19.431.876.867,59"
"Sudeste";"RJ";"2022";"Cessão Onerosa";"R$453.294.023,49"
"Sudeste";"RJ";"2022";"LC 176/2020 (ADO25)";"R$91.879.950,36"
"Sudeste";"RJ";"2022";"Royalties";"R$30.771.298.777,94"
"Sudeste";"RJ";"2023";"AFM/AFE";"R$45.638.803,35"
"Sudeste";"RJ";"2023";"LC 176/2020 (ADO25)";"R$108.808.956,24"
"Sudeste";"RJ";"2023";"LC 201/2023 – COMPENSAÇÃO ICMS";"R$1.615.400.000,00"
"Sudeste";"RJ";"2023";"Royalties";"R$25.414.923.314,66"
"Sudeste";"RJ";"2024";"LC 176/2020 (ADO25)";"R$98.125.800,96"
"Sudeste";"RJ";"2024";"Royalties";"R$25.954.719.962,66"
"Sudeste";"RJ";"2025";"LC 176/2020 (ADO25)";"R$121.203.156,60"
"Sudeste";"RJ";"2025";"Royalties";"R$26.308.105.029,94"
"Sudeste";"RJ";"2026";"LC 176/2020 (ADO25)";"R$94.040.629,27"
"Sudeste";"RJ";"2026";"Royalties";"R$19.661.105.484,60"
"Sudeste";"SP";"2016";"FEX";"R$4.493.385,00"
"Sudeste";"SP";"2016";"Royalties";"R$829.116.598,10"
"Sudeste";"SP";"2017";"Royalties";"R$1.475.178.065,03"
"Sudeste";"SP";"2018";"Royalties";"R$2.427.761.903,08"
"Sudeste";"SP";"2019";"Cessão Onerosa";"R$308.197.299,20"
"Sudeste";"SP";"2019";"Royalties";"R$2.334.740.674,80"
"Sudeste";"SP";"2020";"AFM/AFE";"R$69.537.383,88"
"Sudeste";"SP";"2020";"FEX";"R$0,00"
"Sudeste";"SP";"2020";"LC 173/2020 (PFEC)";"R$7.604.535.160,02"
"Sudeste";"SP";"2020";"LC 176/2020 (ADO25)";"R$467.127.000,00"
"Sudeste";"SP";"2020";"Royalties";"R$1.521.031.760,98"
"Sudeste";"SP";"2021";"LC 176/2020 (ADO25)";"R$467.127.000,00"
"Sudeste";"SP";"2021";"Royalties";"R$2.648.715.442,98"
"Sudeste";"SP";"2022";"AFM/AFE";"R$1.534.379.840,70"
"Sudeste";"SP";"2022";"Cessão Onerosa";"R$563.716.035,80"
"Sudeste";"SP";"2022";"LC 176/2020 (ADO25)";"R$467.127.000,00"
"Sudeste";"SP";"2022";"Royalties";"R$4.043.129.298,86"
"Sudeste";"SP";"2023";"AFM/AFE";"R$41.570.279,26"
"Sudeste";"SP";"2023";"LC 176/2020 (ADO25)";"R$467.127.000,00"
"Sudeste";"SP";"2023";"Royalties";"R$2.631.353.547,21"
"Sudeste";"SP";"2024";"LC 176/2020 (ADO25)";"R$467.127.000,00"
"Sudeste";"SP";"2024";"Royalties";"R$2.101.963.748,51"
"Sudeste";"SP";"2025";"LC 176/2020 (ADO25)";"R$467.127.000,00"
"Sudeste";"SP";"2025";"Royalties";"R$1.427.174.579,49"
"Sudeste";"SP";"2026";"LC 176/2020 (ADO25)";"R$272.490.750,00"
"Sudeste";"SP";"2026";"Royalties";"R$1.166.082.225,18"
"Sul";"PR";"2016";"FEX";"R$168.618.937,50"
"Sul";"PR";"2016";"Royalties";"R$453.468.664,93"
"Sul";"PR";"2017";"FEX";"R$108.743.977,22"
"Sul";"PR";"2017";"Royalties";"R$442.478.103,50"
"Sul";"PR";"2018";"Royalties";"R$411.179.826,64"
"Sul";"PR";"2019";"Cessão Onerosa";"R$240.865.526,98"
"Sul";"PR";"2019";"Royalties";"R$326.822.993,51"
"Sul";"PR";"2020";"AFM/AFE";"R$189.268.158,72"
"Sul";"PR";"2020";"FEX";"R$0,00"
"Sul";"PR";"2020";"LC 173/2020 (PFEC)";"R$1.977.545.262,26"
"Sul";"PR";"2020";"LC 176/2020 (ADO25)";"R$254.337.150,00"
"Sul";"PR";"2020";"Royalties";"R$288.024.487,83"
"Sul";"PR";"2021";"LC 176/2020 (ADO25)";"R$247.777.219,32"
"Sul";"PR";"2021";"Royalties";"R$293.156.154,90"
"Sul";"PR";"2022";"AFM/AFE";"R$183.135.118,40"
"Sul";"PR";"2022";"Cessão Onerosa";"R$292.825.114,51"
"Sul";"PR";"2022";"LC 176/2020 (ADO25)";"R$217.337.856,60"
"Sul";"PR";"2022";"Royalties";"R$400.601.613,10"
"Sul";"PR";"2023";"AFM/AFE";"R$78.304.951,46"
"Sul";"PR";"2023";"LC 176/2020 (ADO25)";"R$187.742.710,92"
"Sul";"PR";"2023";"LC 201/2023 – COMPENSAÇÃO ICMS";"R$933.111.163,39"
"Sul";"PR";"2023";"Royalties";"R$412.830.795,26"
"Sul";"PR";"2024";"LC 176/2020 (ADO25)";"R$198.354.454,68"
"Sul";"PR";"2024";"Royalties";"R$462.777.341,82"
"Sul";"PR";"2025";"LC 176/2020 (ADO25)";"R$216.342.313,08"
"Sul";"PR";"2025";"Royalties";"R$470.187.072,76"
"Sul";"PR";"2026";"LC 176/2020 (ADO25)";"R$108.921.752,10"
"Sul";"PR";"2026";"Royalties";"R$292.281.445,73"
"Sul";"RS";"2016";"FEX";"R$261.251.932,50"
"Sul";"RS";"2016";"Royalties";"R$61.790.814,39"
"Sul";"RS";"2017";"FEX";"R$138.879.593,98"
"Sul";"RS";"2017";"Royalties";"R$46.276.378,42"
"Sul";"RS";"2018";"Royalties";"R$34.311.985,44"
"Sul";"RS";"2019";"Cessão Onerosa";"R$219.362.554,92"
"Sul";"RS";"2019";"Royalties";"R$30.556.387,85"
"Sul";"RS";"2020";"AFM/AFE";"R$126.012.273,25"
"Sul";"RS";"2020";"FEX";"R$0,00"
"Sul";"RS";"2020";"LC 173/2020 (PFEC)";"R$2.207.004.186,89"
"Sul";"RS";"2020";"LC 176/2020 (ADO25)";"R$276.038.400,00"
"Sul";"RS";"2020";"Royalties";"R$27.305.136,99"
"Sul";"RS";"2021";"LC 176/2020 (ADO25)";"R$266.211.923,16"
"Sul";"RS";"2021";"Royalties";"R$26.117.916,45"
"Sul";"RS";"2022";"Cessão Onerosa";"R$286.388.333,00"
"Sul";"RS";"2022";"LC 176/2020 (ADO25)";"R$217.640.106,72"
"Sul";"RS";"2022";"Royalties";"R$38.985.944,15"
"Sul";"RS";"2023";"AFM/AFE";"R$43.068.552,80"
"Sul";"RS";"2023";"LC 176/2020 (ADO25)";"R$231.763.674,36"
"Sul";"RS";"2023";"LC 201/2023 – COMPENSAÇÃO ICMS";"R$1.348.950.000,00"
"Sul";"RS";"2023";"Royalties";"R$34.078.890,11"
"Sul";"RS";"2024";"LC 176/2020 (ADO25)";"R$213.853.056,36"
"Sul";"RS";"2024";"LC 201/2023 – COMPENSAÇÃO ICMS";"R$674.480.000,00"
"Sul";"RS";"2024";"Royalties";"R$54.687.810,28"
"Sul";"RS";"2025";"LC 176/2020 (ADO25)";"R$214.453.662,72"
"Sul";"RS";"2025";"Royalties";"R$50.442.339,69"
"Sul";"RS";"2026";"LC 176/2020 (ADO25)";"R$127.283.278,92"
"Sul";"RS";"2026";"Royalties";"R$28.689.569,27"
"Sul";"SC";"2016";"FEX";"R$83.789.842,50"
"Sul";"SC";"2016";"Royalties";"R$59.515.968,49"
"Sul";"SC";"2017";"FEX";"R$35.506.512,24"
"Sul";"SC";"2017";"Royalties";"R$38.342.224,70"
"Sul";"SC";"2018";"Royalties";"R$30.222.989,26"
"Sul";"SC";"2019";"Cessão Onerosa";"R$92.042.737,18"
"Sul";"SC";"2019";"Royalties";"R$25.645.331,32"
"Sul";"SC";"2020";"AFM/AFE";"R$82.537.645,91"
"Sul";"SC";"2020";"FEX";"R$0,00"
"Sul";"SC";"2020";"LC 173/2020 (PFEC)";"R$1.359.137.456,85"
"Sul";"SC";"2020";"Royalties";"R$22.733.408,36"
"Sul";"SC";"2021";"LC 176/2020 (ADO25)";"R$177.201.455,76"
"Sul";"SC";"2021";"Royalties";"R$25.672.208,45"
"Sul";"SC";"2022";"AFM/AFE";"R$11.669.481,35"
"Sul";"SC";"2022";"Cessão Onerosa";"R$93.574.195,59"
"Sul";"SC";"2022";"LC 176/2020 (ADO25)";"R$64.728.001,08"
"Sul";"SC";"2022";"Royalties";"R$43.066.116,36"
"Sul";"SC";"2023";"AFM/AFE";"R$59.918.763,56"
"Sul";"SC";"2023";"LC 176/2020 (ADO25)";"R$65.987.403,60"
"Sul";"SC";"2023";"LC 201/2023 – COMPENSAÇÃO ICMS";"R$597.500.000,00"
"Sul";"SC";"2023";"Royalties";"R$38.595.974,28"
"Sul";"SC";"2024";"LC 176/2020 (ADO25)";"R$64.824.151,20"
"Sul";"SC";"2024";"Royalties";"R$55.826.563,55"
"Sul";"SC";"2025";"LC 176/2020 (ADO25)";"R$62.819.401,80"
"Sul";"SC";"2025";"Royalties";"R$50.970.849,60"
"Sul";"SC";"2026";"LC 176/2020 (ADO25)";"R$37.979.200,63"
"Sul";"SC";"2026";"Royalties";"R$27.230.128,00"
